54816757575,0,262,243,92,68,0,0,1.0
54816807588,0,258,243,93,69,0,0,1.0
54816857601,0,256,243,92,70,0,0,1.0
54816907590,0,252,243,93,69,0,0,1.0
54816957583,0,249,243,93,69,0,0,1.0
54817007529,0,245,243,94,69,0,0,1.0
54817057582,0,241,243,95,69,0,0,1.0
54817107583,0,238,242,95,70,0,0,1.0
54817157564,0,234,242,96,69,0,0,1.0
54817207582,0,230,242,97,69,0,0,1.0
54817257575,0,227,242,97,70,0,0,1.0
54817307568,0,222,242,99,70,0,0,1.0
54817357585,0,217,242,100,70,0,0,1.0
54817407571,0,213,242,101,71,0,0,1.0
54817457588,0,209,241,102,71,0,0,1.0
54817507581,0,204,241,104,71,0,0,1.0
54817557574,0,199,240,105,72,0,0,1.0
54817607592,0,194,239,107,72,0,0,1.0
54817657585,0,189,238,108,73,0,0,1.0
54817707594,0,184,237,109,75,0,0,1.0
54817757587,0,178,237,112,74,0,0,1.0
54817807577,0,173,237,114,74,0,0,1.0
54817857578,0,168,236,115,75,0,0,1.0
54817907595,0,162,235,117,75,0,0,1.0
54817957592,0,157,234,117,75,0,0,1.0
54818007530,0,151,234,119,76,0,0,1.0
54818057559,0,145,234,121,77,0,0,1.0
54818107564,0,140,234,122,77,0,0,1.0
54818157573,0,134,233,123,76,0,0,1.0
54818207570,0,127,231,126,77,0,0,1.0
54818257584,0,123,230,126,77,0,0,1.0
54818307573,0,118,228,127,77,0,0,1.0
54818357586,0,112,227,129,77,0,0,1.0
54818407579,0,107,226,129,78,0,0,1.0
54818457572,0,102,225,130,79,0,0,1.0
54818507590,0,96,226,133,80,0,0,1.0
54818557583,0,92,226,133,79,0,0,1.0
54818607592,0,86,226,134,78,0,0,1.0
54818657585,0,81,226,135,78,0,0,1.0
54818707578,0,76,225,137,78,0,0,1.0
54818757584,0,70,224,138,77,0,0,1.0
54818807597,0,65,222,139,77,0,0,1.0
54818857582,0,61,221,140,77,0,0,1.0
54818907575,0,56,220,141,78,0,0,1.0
54818957588,0,52,219,142,79,0,0,1.0
54819007526,0,48,219,142,78,0,0,1.0
54819057559,0,44,220,143,78,0,0,1.0
54819107560,0,40,221,144,79,0,0,1.0
54819157565,0,35,221,146,79,0,0,1.0
54819207563,0,32,222,146,78,0,0,1.0
54819257580,0,29,222,146,78,0,0,1.0
54819307573,0,26,221,146,78,0,0,1.0
54819357566,0,23,221,147,78,0,0,1.0
54819407584,0,20,220,148,78,0,0,1.0
54819457569,0,18,217,148,80,0,0,1.0
54819507586,0,16,217,148,80,0,0,1.0
54819557579,0,15,217,148,79,0,0,1.0
54819607573,0,13,216,149,79,0,0,1.0
54819657590,0,12,214,148,79,0,0,1.0
54819707583,0,11,213,148,79,0,0,1.0
54819757584,0,10,212,147,79,0,0,1.0
54819807574,0,10,212,147,79,0,0,1.0
54819857583,0,9,212,147,80,0,0,1.0
54819907576,0,10,213,145,80,0,0,1.0
54819957593,0,10,214,145,80,0,0,1.0
54820007527,0,10,215,145,80,0,0,1.0
54820057580,0,11,216,143,79,0,0,1.0
54820107581,0,12,217,142,79,0,0,1.0
54820157566,0,13,218,141,79,0,0,1.0
54820207563,0,16,220,138,77,0,0,1.0
54820257577,0,17,222,138,76,0,0,1.0
54820307566,0,21,222,134,76,0,0,1.0
54820357583,0,24,223,132,76,0,0,1.0
54820407576,0,27,224,130,74,0,0,1.0
54820457569,0,31,224,128,74,0,0,1.0
54820507587,0,35,224,126,74,0,0,1.0
54820557580,0,38,223,124,74,0,0,1.0
54820607565,0,41,222,122,73,0,0,1.0
54820657582,0,45,220,119,73,0,0,1.0
54820707579,0,49,220,117,72,0,0,1.0
54820757573,0,55,220,113,71,0,0,1.0
54820807586,0,60,220,111,71,0,0,1.0
54820857583,0,65,220,109,71,0,0,1.0
54820907592,0,70,222,107,70,0,0,1.0
54820957585,0,74,221,105,70,0,0,1.0
54821007527,0,81,221,102,69,0,0,1.0
54821057580,0,87,221,100,68,0,0,1.0
54821107561,0,93,221,98,67,0,0,1.0
54821157574,0,100,220,97,67,0,0,1.0
54821207564,0,106,219,94,66,0,0,1.0
54821257581,0,112,219,93,64,0,0,1.0
54821307578,0,119,217,90,65,0,0,1.0
54821357571,0,126,216,88,64,0,0,1.0
54821407565,0,132,214,87,65,0,0,1.0
54821457574,0,138,213,87,65,0,0,1.0
54821507567,0,145,212,85,64,0,0,1.0
54821557580,0,152,211,83,63,0,0,1.0
54821607574,0,157,211,84,62,0,0,1.0
54821657571,0,164,211,82,61,0,0,1.0
54821707584,0,170,210,82,60,0,0,1.0
54821757573,0,177,210,81,59,0,0,1.0
54821807579,0,184,209,78,58,0,0,1.0
54821857588,0,191,209,77,57,0,0,1.0
54821907581,0,197,209,77,56,0,0,1.0
54821957578,0,205,209,76,56,0,0,1.0
54822007528,0,210,208,77,58,0,0,1.0
54822057573,0,217,209,75,56,0,0,1.0
54822107578,0,224,209,74,55,0,0,1.0
54822157563,0,230,209,74,56,0,0,1.0
54822207560,0,236,208,74,57,0,0,1.0
54822257578,0,242,209,73,55,0,0,1.0
54822307571,0,248,208,72,55,0,0,1.0
54822357580,0,255,207,71,55,0,0,1.0
54822407577,0,260,207,72,56,0,0,1.0
54822457570,0,266,209,71,54,0,0,1.0
54822507564,0,271,209,71,55,0,0,1.0
54822557581,0,276,210,71,55,0,0,1.0
54822607566,0,282,212,69,53,0,0,1.0
54822657587,0,286,212,71,54,0,0,1.0
54822707580,0,290,213,71,54,0,0,1.0
54822757574,0,295,214,70,55,0,0,1.0
54822807587,0,299,215,71,54,0,0,1.0
54822857588,0,304,216,69,53,0,0,1.0
54822907577,0,307,217,71,53,0,0,1.0
54822957594,0,311,218,69,52,0,0,1.0
54823007524,0,314,218,68,53,0,0,1.0
54823057553,0,317,219,69,54,0,0,1.0
54823107558,0,320,219,69,55,0,0,1.0
54823157571,0,323,220,67,54,0,0,1.0
54823207561,0,324,219,69,54,0,0,1.0
54823257554,0,325,219,69,53,0,0,1.0
54823307571,0,327,219,68,53,0,0,1.0
54823357564,0,327,220,69,53,0,0,1.0
54823407558,0,328,221,69,53,0,0,1.0
54823457575,0,329,222,68,53,0,0,1.0
54823507564,0,330,225,68,51,0,0,1.0
54823557581,0,331,228,67,51,0,0,1.0
54823607575,0,330,230,68,51,0,0,1.0
54823657572,0,330,231,68,51,0,0,1.0
54823707565,0,330,232,67,51,0,0,1.0
54823757590,0,330,233,66,50,0,0,1.0
54823807572,0,329,233,67,50,0,0,1.0
54823857589,0,329,232,66,51,0,0,1.0
54823907586,0,328,231,67,51,0,0,1.0
54823957579,0,328,229,67,51,0,0,1.0
54824007525,0,328,228,66,50,0,0,1.0
54824057550,0,327,226,66,51,0,0,1.0
54824107555,0,327,226,66,50,0,0,1.0
54824157568,0,326,225,66,50,0,0,1.0
54824207565,0,325,225,66,49,0,0,1.0
54824257559,0,325,225,65,49,0,0,1.0
54824307576,0,325,225,65,49,0,0,1.0
54824357565,0,324,225,65,50,0,0,1.0
54824407562,0,324,226,65,49,0,0,1.0
54824457579,0,323,225,65,50,0,0,1.0
54824507577,0,323,225,65,50,0,0,1.0
54824557566,0,322,225,65,49,0,0,1.0
54824607583,0,322,225,65,49,0,0,1.0
54824657572,0,321,225,65,49,0,0,1.0
54824707585,0,321,225,65,49,0,0,1.0
54824757583,0,321,225,64,48,0,0,1.0
54824807588,0,320,224,65,49,0,0,1.0
54824857573,0,320,224,65,49,0,0,1.0
54824907586,0,320,224,64,49,0,0,1.0
54825057578,0,319,224,64,49,0,0,1.0
54825107559,0,319,223,64,49,0,0,1.0
54825157572,0,319,223,64,49,0,0,1.0
54825207562,0,319,222,64,49,0,0,1.0
54825257579,0,318,222,65,48,0,0,1.0
54825307572,0,318,222,65,48,0,0,1.0
54825357565,0,319,221,64,49,0,0,1.0
54825407583,0,319,220,64,49,0,0,1.0
54825457576,0,319,220,64,48,0,0,1.0
54825507585,0,319,220,64,48,0,0,1.0
54825557578,0,319,219,64,48,0,0,1.0
54825657569,0,319,220,64,48,0,0,1.0
54825707586,0,319,221,63,48,0,0,1.0
54825757587,0,319,222,63,48,0,0,1.0
54825807573,0,319,223,63,47,0,0,1.0
54825857590,0,319,223,63,48,0,0,1.0
54825907583,0,319,223,63,48,0,0,1.0
54826057575,0,319,223,62,47,0,0,1.0
54826107572,0,319,223,62,47,0,0,1.0
54826157557,0,319,222,63,47,0,0,1.0
54826207554,0,319,222,63,46,0,0,1.0
54826257572,0,320,222,62,46,0,0,1.0
54826657585,0,322,222,61,46,0,0,1.0
54826707578,0,322,223,63,45,0,0,1.0
54826757588,0,322,223,63,46,0,0,1.0
54826807577,0,322,223,62,45,0,0,1.0
54826857570,0,323,223,61,45,0,0,1.0
54826907587,0,323,223,61,45,0,0,1.0
54826957576,0,323,223,61,45,0,0,1.0
54827007522,0,324,222,61,47,0,0,1.0
54827107552,0,324,222,61,47,0,0,1.0
54827157565,0,324,223,61,46,0,0,1.0
54827207559,0,324,223,62,46,0,0,1.0
54827257568,0,325,223,61,46,0,0,1.0
54827307565,0,325,224,61,45,0,0,1.0
54827357558,0,326,224,60,45,0,0,1.0
54827407576,0,326,225,62,45,0,0,1.0
54827457569,0,326,225,61,45,0,0,1.0
54827507566,0,326,225,61,45,0,0,1.0
54827557575,0,326,225,62,45,0,0,1.0
54827607573,0,327,225,61,45,0,0,1.0
54827657566,0,327,224,61,46,0,0,1.0
54827707583,0,327,224,61,46,0,0,1.0
54827757572,0,327,224,61,46,0,0,1.0
54827807586,0,327,224,62,46,0,0,1.0
54827857583,0,327,224,62,45,0,0,1.0
54827907576,0,327,223,63,46,0,0,1.0
54828057552,0,328,224,62,45,0,0,1.0
54828107549,0,328,224,63,46,0,0,1.0
54828157562,0,328,224,63,46,0,0,1.0
54828207555,0,328,224,63,47,0,0,1.0
54828257573,0,328,224,63,48,0,0,1.0
54828307566,0,328,225,64,47,0,0,1.0
54828357559,0,328,225,63,48,0,0,1.0
54828407572,0,327,225,65,48,0,0,1.0
54828457565,0,327,225,65,49,0,0,1.0
54828507559,0,327,225,65,50,0,0,1.0
54828557576,0,327,226,66,49,0,0,1.0
54828857579,0,326,225,68,52,0,0,1.0
54828907572,0,326,225,69,52,0,0,1.0
54828957589,0,326,225,69,52,0,0,1.0
54829057544,0,326,225,70,53,0,0,1.0
54829107549,0,326,225,70,53,0,0,1.0
54829157562,0,326,225,71,54,0,0,1.0
54829207560,0,326,225,71,55,0,0,1.0
54829257569,0,326,225,72,55,0,0,1.0
54829307566,0,325,226,75,58,0,0,1.0
54829357555,0,325,226,75,58,0,0,1.0
54829407573,0,325,226,75,58,0,0,1.0
54829457566,0,325,226,75,58,0,0,1.0
54829507563,0,324,226,77,59,0,0,1.0
54829557572,0,324,227,78,59,0,0,1.0
54829607570,0,324,227,79,59,0,0,1.0
54829657563,0,323,227,80,60,0,0,1.0
54829707580,0,323,227,81,61,0,0,1.0
54829757561,0,323,226,82,63,0,0,1.0
54829807575,0,323,226,83,63,0,0,1.0
54829857576,0,322,227,85,63,0,0,1.0
54829907569,0,322,227,86,64,0,0,1.0
54829957586,0,321,226,87,66,0,0,1.0
54830007520,0,321,226,89,67,0,0,1.0
54830057549,0,320,226,91,68,0,0,1.0
54830107558,0,320,225,90,71,0,0,1.0
54830157563,0,320,226,92,70,0,0,1.0
54830207556,0,319,226,94,71,0,0,1.0
54830257550,0,319,226,95,72,0,0,1.0
54830307571,0,319,226,96,73,0,0,1.0
54830357564,0,319,226,98,73,0,0,1.0
54830407553,0,319,226,98,75,0,0,1.0
54830457574,0,318,227,100,76,0,0,1.0
54830507568,0,317,227,103,77,0,0,1.0
54830557561,0,317,227,103,78,0,0,1.0
54830607578,0,317,227,105,79,0,0,1.0
54830657571,0,316,227,107,80,0,0,1.0
54830707560,0,316,227,109,82,0,0,1.0
54830757586,0,316,227,110,84,0,0,1.0
54830807579,0,315,227,112,86,0,0,1.0
54830857568,0,315,228,113,86,0,0,1.0
54830907585,0,314,227,116,89,0,0,1.0
54830957582,0,314,227,117,91,0,0,1.0
54831007520,0,314,228,119,91,0,0,1.0
54831057569,0,314,229,120,92,0,0,1.0
54831107550,0,314,228,121,93,0,0,1.0
54831157563,0,313,229,124,94,0,0,1.0
54831207556,0,312,229,126,96,0,0,1.0
54831257550,0,312,229,128,98,0,0,1.0
54831307559,0,311,229,129,99,0,0,1.0
54831357552,0,311,228,131,100,0,0,1.0
54831407569,0,310,228,133,101,0,0,1.0
54831457562,0,310,228,134,102,0,0,1.0
54831507556,0,310,228,135,102,0,0,1.0
54831557573,0,309,229,137,103,0,0,1.0
54831607562,0,309,229,138,105,0,0,1.0
54831657579,0,308,229,140,108,0,0,1.0
54831707572,0,308,229,141,109,0,0,1.0
54831757582,0,308,229,142,110,0,0,1.0
54831807571,0,308,229,143,111,0,0,1.0
54831857568,0,307,229,144,112,0,0,1.0
54831907585,0,307,229,145,113,0,0,1.0
54831957578,0,307,229,145,115,0,0,1.0
54832007520,0,307,229,146,113,0,0,1.0
54832057549,0,306,230,147,112,0,0,1.0
54833657564,0,306,232,134,103,0,0,1.0
54833707581,0,306,232,134,103,0,0,1.0
54833907574,0,306,233,131,102,0,0,1.0
54833957571,0,306,233,130,102,0,0,1.0
54834007517,0,306,233,130,100,0,0,1.0
54834057542,0,306,233,129,97,0,0,1.0
54834107551,0,306,233,128,96,0,0,1.0
54834157560,0,306,234,127,96,0,0,1.0
54834207554,0,306,234,127,95,0,0,1.0
54834307564,0,306,234,125,94,0,0,1.0
54834357557,0,306,234,124,93,0,0,1.0
54834407555,0,306,234,124,93,0,0,1.0
54834457564,0,306,234,123,93,0,0,1.0
54834507557,0,305,234,123,92,0,0,1.0
54834557574,0,305,234,123,92,0,0,1.0
54834607568,0,306,234,121,93,0,0,1.0
54834657565,0,306,234,120,91,0,0,1.0
54834707558,0,306,234,119,91,0,0,1.0
54834757575,0,306,234,119,91,0,0,1.0
54834807565,0,306,235,118,90,0,0,1.0
54834857582,0,306,235,117,89,0,0,1.0
54834907579,0,306,235,117,90,0,0,1.0
54834957572,0,306,235,116,89,0,0,1.0
54835007518,0,306,235,115,88,0,0,1.0
54835057563,0,306,235,115,88,0,0,1.0
54835107544,0,306,235,114,87,0,0,1.0
54835157557,0,306,235,114,87,0,0,1.0
54835207554,0,306,234,113,87,0,0,1.0
54836157561,0,302,237,114,83,0,0,1.0
54836207551,0,307,236,109,84,0,0,1.0
54836257548,0,313,236,103,85,0,0,1.0
54836307565,0,319,236,97,85,0,0,1.0
54836357562,0,323,237,93,84,0,0,1.0
54836407556,0,330,237,89,84,0,0,1.0
54836457553,0,300,238,117,83,0,0,1.0
54836507562,0,302,237,115,85,0,0,1.0
54836557559,0,304,238,113,84,0,0,1.0
54836607577,0,304,237,112,85,0,0,1.0
54838107553,0,300,238,116,87,0,0,1.0
54838157562,0,300,238,116,87,0,0,1.0
54838207552,0,300,238,116,87,0,0,1.0
54838257549,0,299,239,120,86,0,0,1.0
54838307566,0,299,239,116,86,0,0,1.0
54838757573,0,299,239,115,87,0,0,1.0
54838807559,0,298,240,116,86,0,0,1.0
54838857560,0,298,241,116,85,0,0,1.0
54838907577,0,298,241,116,85,0,0,1.0
54838957574,0,298,242,116,85,0,0,1.0
54839007516,0,298,242,116,86,0,0,1.0
54839057541,0,298,242,117,86,0,0,1.0
54839157555,0,298,241,117,87,0,0,1.0
54839207552,0,298,241,117,87,0,0,1.0
54839257550,0,298,240,117,87,0,0,1.0
54839357564,0,298,240,118,89,0,0,1.0
54839407553,0,298,241,119,88,0,0,1.0
54839457570,0,297,241,120,88,0,0,1.0
54839507564,0,297,241,120,88,0,0,1.0
54839557561,0,297,242,120,87,0,0,1.0
54839607554,0,297,242,120,88,0,0,1.0
54839857572,0,297,242,120,88,0,0,1.0
54839907565,0,297,242,119,87,0,0,1.0
54839957578,0,297,242,119,87,0,0,1.0
54840007516,0,297,243,119,87,0,0,1.0
54840057541,0,298,243,117,87,0,0,1.0
54840107546,0,297,243,118,87,0,0,1.0
54840157559,0,297,243,118,88,0,0,1.0
54840207553,0,297,244,117,87,0,0,1.0
54840257566,0,297,244,116,86,0,0,1.0
54840307563,0,297,244,116,86,0,0,1.0
54840357556,0,297,244,116,85,0,0,1.0
54840407554,0,296,244,116,84,0,0,1.0
54840457571,0,296,245,115,82,0,0,1.0
54840507568,0,295,245,116,83,0,0,1.0
54840557557,0,295,245,115,83,0,0,1.0
54840607575,0,294,245,114,83,0,0,1.0
54840657568,0,293,245,114,82,0,0,1.0
54840707561,0,292,246,114,81,0,0,1.0
54840757574,0,291,247,115,81,0,0,1.0
54840807560,0,290,247,115,81,0,0,1.0
54840857565,0,289,247,115,81,0,0,1.0
54840907582,0,287,247,115,81,0,0,1.0
54840957575,0,286,248,115,80,0,0,1.0
54841007517,0,285,247,115,80,0,0,1.0
54841057566,0,284,247,115,80,0,0,1.0
54841107563,0,282,247,116,80,0,0,1.0
54841157552,0,280,247,117,79,0,0,1.0
54841207545,0,279,247,116,79,0,0,1.0
54841257563,0,277,247,117,78,0,0,1.0
54841307560,0,277,247,115,78,0,0,1.0
54841357553,0,275,247,116,77,0,0,1.0
54841407562,0,273,247,117,77,0,0,1.0
54841457559,0,272,247,116,77,0,0,1.0
54841507553,0,271,247,116,77,0,0,1.0
54841557570,0,270,247,115,76,0,0,1.0
54841607563,0,268,247,116,76,0,0,1.0
54841657560,0,267,247,116,76,0,0,1.0
54841707569,0,265,247,117,76,0,0,1.0
54841757563,0,264,247,117,76,0,0,1.0
54841807576,0,262,247,117,76,0,0,1.0
54841857573,0,261,247,115,76,0,0,1.0
54841907566,0,259,247,115,76,0,0,1.0
54841957583,0,257,248,116,76,0,0,1.0
54842007513,0,255,248,116,76,0,0,1.0
54842057542,0,254,248,116,76,0,0,1.0
54842107547,0,252,248,116,76,0,0,1.0
54842157556,0,251,248,115,75,0,0,1.0
54842207554,0,249,248,115,75,0,0,1.0
54842257543,0,247,248,115,74,0,0,1.0
54842307560,0,246,248,113,73,0,0,1.0
54842357557,0,244,247,114,73,0,0,1.0
54842407551,0,243,247,113,72,0,0,1.0
54842457568,0,242,247,113,72,0,0,1.0
54842507561,0,240,246,113,72,0,0,1.0
54842557550,0,239,246,112,72,0,0,1.0
54842607568,0,238,246,111,70,0,0,1.0
54842657561,0,237,245,111,71,0,0,1.0
54842707554,0,236,245,110,70,0,0,1.0
54842757571,0,235,245,108,69,0,0,1.0
54842807561,0,234,245,107,68,0,0,1.0
54842857578,0,233,244,106,69,0,0,1.0
54842907571,0,232,244,105,68,0,0,1.0
54842957568,0,232,244,102,67,0,0,1.0
54843007514,0,231,243,102,67,0,0,1.0
54843057539,0,230,243,100,66,0,0,1.0
54843107568,0,229,243,99,65,0,0,1.0
54843157553,0,227,242,98,65,0,0,1.0
54843207550,0,227,242,97,65,0,0,1.0
54843257544,0,226,242,95,64,0,0,1.0
54843307561,0,225,242,94,63,0,0,1.0
54843357558,0,224,242,93,62,0,0,1.0
54843407547,0,223,241,92,62,0,0,1.0
54843457568,0,222,241,91,61,0,0,1.0
54843507562,0,222,240,88,61,0,0,1.0
54843557559,0,221,240,88,60,0,0,1.0
54843607552,0,221,239,86,59,0,0,1.0
54843657573,0,220,239,85,58,0,0,1.0
54843707562,0,219,238,83,58,0,0,1.0
54843757560,0,219,239,80,57,0,0,1.0
54843807573,0,218,239,80,56,0,0,1.0
54843857562,0,218,239,78,56,0,0,1.0
54843907579,0,218,239,77,55,0,0,1.0
54843957572,0,218,238,75,54,0,0,1.0
54844007514,0,218,238,74,53,0,0,1.0
54844057539,0,217,237,73,53,0,0,1.0
54844107544,0,217,237,71,52,0,0,1.0
54844157557,0,217,237,69,51,0,0,1.0
54844207551,0,217,237,68,50,0,0,1.0
54844257544,0,217,236,67,50,0,0,1.0
54844307553,0,217,237,66,48,0,0,1.0
54844357550,0,218,237,64,48,0,0,1.0
54844407568,0,217,236,64,48,0,0,1.0
54844457561,0,218,236,62,46,0,0,1.0
54844507554,0,218,236,62,46,0,0,1.0
54844557571,0,219,237,60,45,0,0,1.0
54844607557,0,219,237,60,45,0,0,1.0
54844657574,0,219,238,60,44,0,0,1.0
54844707567,0,220,237,59,44,0,0,1.0
54844757564,0,221,237,58,43,0,0,1.0
54844807574,0,222,236,57,43,0,0,1.0
54844857567,0,223,236,57,42,0,0,1.0
54844907560,0,225,237,55,41,0,0,1.0
54844957577,0,226,236,55,41,0,0,1.0
54845007511,0,227,235,55,41,0,0,1.0
54845057536,0,229,233,54,41,0,0,1.0
54845107541,0,231,232,53,41,0,0,1.0
54845157546,0,234,231,52,41,0,0,1.0
54845207543,0,237,232,51,38,0,0,1.0
54845257561,0,239,232,51,39,0,0,1.0
54845307554,0,242,232,51,38,0,0,1.0
54845357551,0,244,232,51,38,0,0,1.0
54845407544,0,247,233,50,37,0,0,1.0
54845457557,0,251,232,48,37,0,0,1.0
54845507551,0,254,231,48,37,0,0,1.0
54845557568,0,258,231,48,36,0,0,1.0
54845607561,0,261,230,48,36,0,0,1.0
54845657554,0,264,230,48,35,0,0,1.0
54845707571,0,267,228,47,35,0,0,1.0
54845757561,0,271,227,46,34,0,0,1.0
54845807570,0,274,226,46,34,0,0,1.0
54845857571,0,277,225,46,34,0,0,1.0
54845907564,0,281,225,45,34,0,0,1.0
54845957561,0,285,225,45,33,0,0,1.0
54846007511,0,288,224,44,33,0,0,1.0
54846057540,0,292,224,44,32,0,0,1.0
54846107545,0,295,223,43,32,0,0,1.0
54846157558,0,298,223,43,32,0,0,1.0
54846207552,0,302,224,43,32,0,0,1.0
54846257549,0,304,225,43,32,0,0,1.0
54846307558,0,308,226,42,31,0,0,1.0
54846357551,0,311,227,42,31,0,0,1.0
54846407549,0,314,228,41,31,0,0,1.0
54846457566,0,317,229,41,30,0,0,1.0
54846507559,0,320,230,40,30,0,0,1.0
54846557556,0,322,230,40,30,0,0,1.0
54846607566,0,325,231,40,29,0,0,1.0
54846657559,0,327,231,40,29,0,0,1.0
54846707556,0,330,231,39,29,0,0,1.0
54846757573,0,332,231,39,29,0,0,1.0
54846807563,0,335,232,38,28,0,0,1.0
54846857564,0,337,232,38,29,0,0,1.0
54846907577,0,339,233,38,28,0,0,1.0
54846957570,0,340,233,38,28,0,0,1.0
54847007512,0,342,233,38,27,0,0,1.0
54847057537,0,344,233,37,27,0,0,1.0
54847107542,0,346,232,36,27,0,0,1.0
54847157551,0,348,232,36,27,0,0,1.0
54847207544,0,349,232,36,26,0,0,1.0
54847257542,0,350,232,36,26,0,0,1.0
54847307559,0,351,232,36,26,0,0,1.0
54847357556,0,352,232,35,26,0,0,1.0
54847407549,0,354,232,35,25,0,0,1.0
54847457562,0,355,231,34,25,0,0,1.0
54847507560,0,356,231,34,25,0,0,1.0
54847557557,0,357,230,34,25,0,0,1.0
54847607570,0,358,229,34,25,0,0,1.0
54847657563,0,359,229,34,24,0,0,1.0
54847707552,0,362,227,31,25,0,0,1.0
54847757562,0,369,227,26,25,0,0,1.0
54848057557,0,367,225,30,22,0,0,1.0
54848107558,0,368,225,30,22,0,0,1.0
54848157543,0,368,224,30,22,0,0,1.0
54848207561,0,368,223,31,23,0,0,1.0
54850457564,0,360,223,31,20,0,0,1.0
54850807569,0,350,225,34,19,0,0,1.0
54850857574,0,349,226,34,19,0,0,1.0
54850907567,0,348,226,35,19,0,0,1.0
54850957576,0,347,226,36,19,0,0,1.0
54851007510,0,346,225,37,20,0,0,1.0
54851057539,0,346,225,37,20,0,0,1.0
54851107544,0,346,225,37,20,0,0,1.0
54851157553,0,346,225,38,20,0,0,1.0
54851207542,0,346,225,39,20,0,0,1.0
54851257560,0,346,225,40,20,0,0,1.0
54851307553,0,346,224,40,20,0,0,1.0
54851357546,0,347,224,41,19,0,0,1.0
54851407563,0,347,223,42,19,0,0,1.0
54851457556,0,348,222,42,20,0,0,1.0
54851507566,0,349,221,43,21,0,0,1.0
54851557559,0,349,221,44,21,0,0,1.0
54851607552,0,350,222,45,20,0,0,1.0
54851657569,0,351,222,46,21,0,0,1.0
54851707562,0,352,222,48,21,0,0,1.0
54851757552,0,354,222,47,21,0,0,1.0
54851807565,0,355,222,47,21,0,0,1.0
54851857558,0,357,221,46,22,0,0,1.0
54851907571,0,358,220,46,22,0,0,1.0
54851957564,0,359,220,46,21,0,0,1.0
54852007510,0,361,220,45,21,0,0,1.0
54852057555,0,362,219,44,21,0,0,1.0
54852107556,0,364,219,44,20,0,0,1.0
54852157541,0,366,218,43,21,0,0,1.0
54852207558,0,367,218,45,20,0,0,1.0
54852257552,0,369,217,45,21,0,0,1.0
54852307545,0,371,217,44,21,0,0,1.0
54852357562,0,372,217,44,21,0,0,1.0
54852407547,0,373,218,43,21,0,0,1.0
54852457544,0,374,218,43,21,0,0,1.0
54852507562,0,377,218,43,22,0,0,1.0
54852557555,0,379,218,43,23,0,0,1.0
54852607568,0,381,219,42,22,0,0,1.0
54852657557,0,383,219,42,23,0,0,1.0
54852707550,0,385,219,40,23,0,0,1.0
54852757568,0,387,219,38,23,0,0,1.0
54852807565,0,388,219,39,23,0,0,1.0
54852857558,0,390,218,37,23,0,0,1.0
54852907575,0,392,218,39,23,0,0,1.0
54852957560,0,394,217,37,23,0,0,1.0
54853007506,0,397,217,35,23,0,0,1.0
54853057551,0,399,216,33,24,0,0,1.0
54853107532,0,401,216,32,23,0,0,1.0
54853157541,0,403,216,32,23,0,0,1.0
54853207539,0,405,216,32,24,0,0,1.0
54853257552,0,407,217,32,23,0,0,1.0
54853307545,0,409,217,32,24,0,0,1.0
54853357538,0,411,218,32,24,0,0,1.0
54853407552,0,414,219,30,23,0,0,1.0
54853457545,0,416,219,29,24,0,0,1.0
54853507562,0,418,219,30,24,0,0,1.0
54853557551,0,420,220,29,23,0,0,1.0
54853607545,0,423,219,28,24,0,0,1.0
54853657562,0,425,219,28,24,0,0,1.0
54816757575,1,557,235,49,37,0,0,1.0
54816807588,1,559,235,49,36,0,0,1.0
54816857601,1,562,235,49,36,0,0,1.0
54816907590,1,564,234,49,36,0,0,1.0
54816957583,1,567,234,49,36,0,0,1.0
54817007529,1,570,233,49,36,0,0,1.0
54817057582,1,574,233,47,35,0,0,1.0
54817107583,1,577,232,47,35,0,0,1.0
54817157564,1,579,232,48,34,0,0,1.0
54817207582,1,582,231,48,35,0,0,1.0
54817257575,1,586,231,48,34,0,0,1.0
54817307568,1,589,231,47,34,0,0,1.0
54817357585,1,593,230,46,34,0,0,1.0
54817407571,1,596,230,44,33,0,0,1.0
54817457588,1,600,230,40,31,0,0,1.0
54817507581,1,604,229,36,31,0,0,1.0
54817557574,1,608,227,32,32,0,0,1.0
54817607592,1,612,226,28,32,0,0,1.0
54817657585,1,616,225,24,32,0,0,1.0
54817707594,1,620,224,20,32,0,0,1.0
54816757575,2,458,240,38,20,0,0,1.0
54816807588,2,457,239,38,21,0,0,1.0
54816857601,2,457,239,38,21,0,0,1.0
54816907590,2,455,239,40,21,0,0,1.0
54816957583,2,457,238,38,22,0,0,1.0
54817007529,2,454,238,41,22,0,0,1.0
54817057582,2,455,237,40,22,0,0,1.0
54817107583,2,456,236,39,23,0,0,1.0
54817157564,2,455,235,40,23,0,0,1.0
54817207582,2,454,235,41,23,0,0,1.0
54817257575,2,454,234,42,24,0,0,1.0
54817307568,2,454,234,42,24,0,0,1.0
54817357585,2,453,234,44,24,0,0,1.0
54817407571,2,455,233,42,25,0,0,1.0
54817457588,2,455,233,43,25,0,0,1.0
54817507581,2,454,232,45,25,0,0,1.0
54817557574,2,455,231,45,25,0,0,1.0
54817607592,2,455,230,47,25,0,0,1.0
54817657585,2,456,228,47,27,0,0,1.0
54817707594,2,457,228,49,26,0,0,1.0
54817757587,2,459,227,48,27,0,0,1.0
54817807577,2,460,226,49,27,0,0,1.0
54817857578,2,462,225,49,27,0,0,1.0
54817907595,2,464,225,49,27,0,0,1.0
54817957592,2,466,223,50,29,0,0,1.0
54818007530,2,468,224,51,28,0,0,1.0
54818057559,2,471,224,51,29,0,0,1.0
54818107564,2,473,224,52,29,0,0,1.0
54818157573,2,476,224,53,28,0,0,1.0
54818207570,2,478,223,54,29,0,0,1.0
54818257584,2,482,222,54,30,0,0,1.0
54818307573,2,487,221,53,31,0,0,1.0
54818357586,2,490,221,54,31,0,0,1.0
54818407579,2,495,221,54,32,0,0,1.0
54818457572,2,498,221,56,32,0,0,1.0
54818507590,2,503,220,57,34,0,0,1.0
54818557583,2,509,220,57,33,0,0,1.0
54818607592,2,514,220,58,33,0,0,1.0
54818657585,2,519,220,59,34,0,0,1.0
54818707578,2,525,220,60,34,0,0,1.0
54818757584,2,531,220,61,35,0,0,1.0
54818807597,2,537,220,62,36,0,0,1.0
54818857582,2,544,220,63,36,0,0,1.0
54818907575,2,552,221,63,36,0,0,1.0
54818957588,2,560,221,64,36,0,0,1.0
54819007526,2,568,221,66,37,0,0,1.0
54819057559,2,577,220,63,38,0,0,1.0
54819107560,2,586,218,54,40,0,0,1.0
54819157565,2,596,218,44,41,0,0,1.0
54819207563,2,607,220,33,40,0,0,1.0
54819257580,2,617,222,23,38,0,0,1.0
54817257575,3,517,230,31,20,0,0,1.0
54817307568,3,517,230,31,20,0,0,1.0
54817357585,3,517,229,31,20,0,0,1.0
54817407571,3,517,228,32,21,0,0,1.0
54817457588,3,516,226,34,23,0,0,1.0
54817507581,3,516,226,35,22,0,0,1.0
54817557574,3,517,225,36,22,0,0,1.0
54817607592,3,519,224,34,22,0,0,1.0
54817657585,3,519,224,35,21,0,0,1.0
54817707594,3,520,222,35,23,0,0,1.0
54817757587,3,521,222,35,22,0,0,1.0
54817807577,3,523,220,36,24,0,0,1.0
54817857578,3,526,220,35,23,0,0,1.0
54817907595,3,527,219,35,23,0,0,1.0
54817957592,3,529,219,36,23,0,0,1.0
54818007530,3,530,218,38,24,0,0,1.0
54818057559,3,533,218,36,24,0,0,1.0
54818107564,3,535,218,38,25,0,0,1.0
54818157573,3,537,218,39,24,0,0,1.0
54818207570,3,540,217,38,25,0,0,1.0
54818257584,3,544,216,38,25,0,0,1.0
54818307573,3,547,216,39,25,0,0,1.0
54818357586,3,551,216,40,26,0,0,1.0
54818407579,3,555,216,40,26,0,0,1.0
54818457572,3,560,216,41,26,0,0,1.0
54818507590,3,564,216,41,26,0,0,1.0
54818557583,3,569,215,42,27,0,0,1.0
54818607592,3,574,215,43,27,0,0,1.0
54818657585,3,579,215,43,27,0,0,1.0
54818707578,3,584,214,45,28,0,0,1.0
54818757584,3,590,215,45,27,0,0,1.0
54818807597,3,596,215,44,28,0,0,1.0
54818857582,3,604,215,36,29,0,0,1.0
54818907575,3,611,215,29,29,0,0,1.0
54818957588,3,618,216,22,28,0,0,1.0
54820907592,4,0,204,24,33,0,0,1.0
54820957585,4,0,206,32,32,0,0,1.0
54821007527,4,0,206,39,33,0,0,1.0
54821057580,4,9,206,39,35,0,0,1.0
54821107561,4,17,206,40,35,0,0,1.0
54821157574,4,25,206,41,35,0,0,1.0
54821207564,4,34,208,40,35,0,0,1.0
54821257581,4,39,207,42,36,0,0,1.0
54821307578,4,47,206,43,37,0,0,1.0
54821357571,4,53,206,44,37,0,0,1.0
54821407565,4,60,206,45,37,0,0,1.0
54821457574,4,67,205,45,38,0,0,1.0
54821507567,4,75,205,45,39,0,0,1.0
54821557580,4,81,204,45,40,0,0,1.0
54821607574,4,87,204,46,40,0,0,1.0
54821657571,4,93,204,46,41,0,0,1.0
54821707584,4,100,204,46,41,0,0,1.0
54821757573,4,105,202,48,42,0,0,1.0
54821807579,4,111,202,49,43,0,0,1.0
54821857588,4,117,203,49,43,0,0,1.0
54821907581,4,122,202,50,45,0,0,1.0
54821957578,4,129,204,51,45,0,0,1.0
54822007528,4,133,204,51,45,0,0,1.0
54822057573,4,138,204,52,46,0,0,1.0
54822107578,4,142,205,53,46,0,0,1.0
54822157563,4,147,206,53,47,0,0,1.0
54822207560,4,152,205,54,49,0,0,1.0
54822257578,4,156,205,54,49,0,0,1.0
54822307571,4,160,205,55,49,0,0,1.0
54822357580,4,161,204,59,52,0,0,1.0
54822407577,4,168,205,57,51,0,0,1.0
54822457570,4,171,206,58,52,0,0,1.0
54822507564,4,172,207,61,53,0,0,1.0
54822557581,4,173,207,64,55,0,0,1.0
54822607566,4,176,209,64,55,0,0,1.0
54822657587,4,174,210,69,56,0,0,1.0
54822707580,4,177,211,70,57,0,0,1.0
54822757574,4,178,212,72,59,0,0,1.0
54822807587,4,179,213,73,60,0,0,1.0
54822857588,4,179,214,76,61,0,0,1.0
54822907577,4,179,215,78,62,0,0,1.0
54822957594,4,178,215,80,64,0,0,1.0
54823007524,4,176,216,84,65,0,0,1.0
54823057553,4,175,217,86,67,0,0,1.0
54823107558,4,173,217,89,69,0,0,1.0
54823157571,4,169,217,93,71,0,0,1.0
54823207561,4,165,218,96,73,0,0,1.0
54823257554,4,163,216,98,77,0,0,1.0
54823307571,4,154,216,106,80,0,0,1.0
54823357564,4,147,217,111,81,0,0,1.0
54823407558,4,133,218,124,83,0,0,1.0
54823457575,4,131,219,124,86,0,0,1.0
54823507564,4,121,221,133,90,0,0,1.0
54823557581,4,108,224,143,91,0,0,1.0
54823607575,4,95,226,153,94,0,0,1.0
54823657572,4,82,228,163,98,0,0,1.0
54823707565,4,69,230,173,101,0,0,1.0
54823757590,4,54,231,183,104,0,0,1.0
54823807572,4,42,232,191,106,0,0,1.0
54823857589,4,20,233,208,109,0,0,1.0
54823907586,4,3,231,222,115,0,0,1.0
54823957579,4,19,229,200,120,0,0,1.0
54824007525,4,8,229,207,124,0,0,1.0
54824057550,4,1,228,209,130,0,0,1.0
54824107555,4,1,227,203,136,0,0,1.0
54824157568,4,1,227,197,146,0,0,1.0
54824207565,4,1,227,191,151,0,0,1.0
54824257559,4,1,226,184,162,0,0,1.0
54824307576,4,1,227,176,170,0,0,1.0
54824357565,4,0,228,169,176,0,0,1.0
54824407562,4,1,229,160,189,0,0,1.0
54824457579,4,1,229,150,199,0,0,1.0
54824507577,4,0,230,141,209,0,0,1.0
54824557566,4,0,231,130,184,0,0,1.0
54824607583,4,0,233,117,182,0,0,1.0
54824657572,4,0,235,104,183,0,0,1.0
54824707585,4,0,235,88,182,0,0,1.0
54820957585,5,0,212,16,49,0,0,1.0
54821007527,5,0,212,24,50,0,0,1.0
54821057580,5,-0,213,31,52,0,0,1.0
54821107561,5,0,212,39,54,0,0,1.0
54821157574,5,0,213,47,53,0,0,1.0
54821207564,5,0,213,54,55,0,0,1.0
54821257581,5,0,214,61,55,0,0,1.0
54821307578,5,0,213,67,56,0,0,1.0
54821357571,5,0,212,75,58,0,0,1.0
54821407565,5,0,212,81,59,0,0,1.0
54821457574,5,2,212,84,60,0,0,1.0
54821507567,5,8,211,86,61,0,0,1.0
54821557580,5,12,211,89,62,0,0,1.0
54821607574,5,16,211,90,63,0,0,1.0
54821657571,5,19,211,94,64,0,0,1.0
54821707584,5,23,210,95,65,0,0,1.0
54821757573,5,28,210,96,66,0,0,1.0
54821807579,5,30,209,100,66,0,0,1.0
54821857588,5,34,209,101,68,0,0,1.0
54821907581,5,36,210,105,68,0,0,1.0
54821957578,5,36,210,110,69,0,0,1.0
54822007528,5,37,210,115,71,0,0,1.0
54822057573,5,39,211,117,72,0,0,1.0
54822107578,5,41,211,120,73,0,0,1.0
54822157563,5,43,212,123,75,0,0,1.0
54822207560,5,44,212,126,78,0,0,1.0
54822257578,5,41,211,133,81,0,0,1.0
54822307571,5,40,211,138,82,0,0,1.0
54822357580,5,30,210,152,87,0,0,1.0
54822407577,5,27,211,158,87,0,0,1.0
54822457570,5,22,212,166,90,0,0,1.0
54822507564,5,19,213,172,93,0,0,1.0
54822557581,5,16,214,176,96,0,0,1.0
54822607566,5,12,215,183,100,0,0,1.0
54822657587,5,7,216,190,102,0,0,1.0
54822707580,5,1,217,198,105,0,0,1.0
54822757574,5,0,219,200,108,0,0,1.0
54822807587,5,0,221,200,111,0,0,1.0
54822857588,5,-0,221,201,115,0,0,1.0
54822907577,5,0,222,200,117,0,0,1.0
54822957594,5,0,222,200,122,0,0,1.0
54823007524,5,0,223,199,127,0,0,1.0
54823057553,5,0,224,199,134,0,0,1.0
54823107558,5,1,225,196,141,0,0,1.0
54823157571,5,0,226,195,150,0,0,1.0
54823207561,5,0,227,191,158,0,0,1.0
54823257554,5,0,227,188,166,0,0,1.0
54823307571,5,1,228,181,172,0,0,1.0
54823357564,5,1,229,174,184,0,0,1.0
54823407558,5,0,232,169,190,0,0,1.0
54823457575,5,0,234,162,186,0,0,1.0
54823507564,5,0,238,154,171,0,0,1.0
54823557581,5,0,241,146,169,0,0,1.0
54823607575,5,0,245,137,170,0,0,1.0
54823657572,5,0,249,126,168,0,0,1.0
54823707565,5,0,251,114,171,0,0,1.0
54823757590,5,0,257,100,165,0,0,1.0
54823807572,5,0,266,87,162,0,0,1.0
54823857589,5,0,278,68,164,0,0,1.0
54823907586,5,0,292,49,142,0,0,1.0
54823957579,5,0,300,28,103,0,0,1.0
54822957594,6,399,211,24,29,0,0,1.0
54823007524,6,402,212,26,29,0,0,1.0
54823057553,6,405,212,27,30,0,0,1.0
54823107558,6,408,213,28,30,0,0,1.0
54823157571,6,410,213,30,31,0,0,1.0
54823207561,6,413,213,30,30,0,0,1.0
54823257554,6,414,212,33,32,0,0,1.0
54823307571,6,415,212,35,31,0,0,1.0
54823357564,6,416,213,37,32,0,0,1.0
54823407558,6,417,214,40,32,0,0,1.0
54823457575,6,418,215,41,33,0,0,1.0
54823507564,6,419,218,44,32,0,0,1.0
54823557581,6,419,220,46,33,0,0,1.0
54823607575,6,420,222,48,34,0,0,1.0
54823657572,6,419,224,51,34,0,0,1.0
54823707565,6,419,225,54,34,0,0,1.0
54823757590,6,419,226,57,35,0,0,1.0
54823807572,6,419,226,60,35,0,0,1.0
54823857589,6,419,225,60,36,0,0,1.0
54823907586,6,419,224,61,37,0,0,1.0
54823957579,6,419,223,61,36,0,0,1.0
54824007525,6,420,222,62,36,0,0,1.0
54824057550,6,419,221,63,37,0,0,1.0
54824107555,6,419,221,64,37,0,0,1.0
54824157568,6,419,219,65,39,0,0,1.0
54824207565,6,418,219,67,39,0,0,1.0
54824257559,6,418,219,68,40,0,0,1.0
54824307576,6,418,219,70,41,0,0,1.0
54824357565,6,418,220,71,41,0,0,1.0
54824407562,6,419,220,72,42,0,0,1.0
54824457579,6,419,220,73,43,0,0,1.0
54824507577,6,420,220,74,44,0,0,1.0
54824557566,6,419,220,76,44,0,0,1.0
54824607583,6,420,219,77,45,0,0,1.0
54824657572,6,420,219,79,46,0,0,1.0
54824707585,6,421,219,80,47,0,0,1.0
54824757583,6,421,219,83,48,0,0,1.0
54824807588,6,422,219,84,49,0,0,1.0
54824857573,6,422,219,86,50,0,0,1.0
54824907586,6,423,219,87,51,0,0,1.0
54824957575,6,424,219,90,51,0,0,1.0
54825007529,6,425,219,91,53,0,0,1.0
54825057578,6,426,218,93,55,0,0,1.0
54825107559,6,427,218,96,55,0,0,1.0
54825157572,6,428,218,98,56,0,0,1.0
54825207562,6,429,217,101,57,0,0,1.0
54825257579,6,430,217,103,58,0,0,1.0
54825307572,6,432,216,105,60,0,0,1.0
54825357565,6,433,216,109,60,0,0,1.0
54825407583,6,435,215,111,63,0,0,1.0
54825457576,6,436,215,114,63,0,0,1.0
54825507585,6,437,215,118,64,0,0,1.0
54825557578,6,439,214,120,66,0,0,1.0
54825607576,6,441,214,124,68,0,0,1.0
54825657569,6,442,215,128,69,0,0,1.0
54825707586,6,444,215,131,72,0,0,1.0
54825757587,6,446,217,135,73,0,0,1.0
54825807573,6,448,218,138,74,0,0,1.0
54825857590,6,450,218,143,77,0,0,1.0
54825907583,6,451,218,149,79,0,0,1.0
54825957576,6,454,218,153,82,0,0,1.0
54826007526,6,457,218,158,84,0,0,1.0
54826057575,6,459,218,164,86,0,0,1.0
54826107572,6,461,217,169,90,0,0,1.0
54826157557,6,464,216,175,92,0,0,1.0
54826207554,6,467,216,173,94,0,0,1.0
54826257572,6,470,216,170,97,0,0,1.0
54826307565,6,473,216,167,100,0,0,1.0
54826357586,6,476,216,163,103,0,0,1.0
54826407571,6,481,216,158,107,0,0,1.0
54826457564,6,484,216,156,111,0,0,1.0
54826507562,6,488,216,151,115,0,0,1.0
54826557579,6,491,216,148,119,0,0,1.0
54826607572,6,495,216,144,124,0,0,1.0
54826657585,6,499,217,140,128,0,0,1.0
54826707578,6,504,217,136,133,0,0,1.0
54826757588,6,508,216,131,139,0,0,1.0
54826807577,6,513,217,126,132,0,0,1.0
54826857570,6,518,218,122,125,0,0,1.0
54826907587,6,524,220,116,122,0,0,1.0
54826957576,6,530,220,110,123,0,0,1.0
54827007522,6,536,222,103,121,0,0,1.0
54827057547,6,542,224,98,121,0,0,1.0
54827107552,6,550,224,90,123,0,0,1.0
54827157565,6,557,227,82,122,0,0,1.0
54827207559,6,565,227,75,126,0,0,1.0
54827257568,6,573,228,67,131,0,0,1.0
54827307565,6,583,233,57,133,0,0,1.0
54827357558,6,592,237,48,133,0,0,1.0
54827407576,6,603,243,37,125,0,0,1.0
54827457569,6,614,254,26,96,0,0,1.0
54824357565,7,397,209,44,37,0,0,1.0
54824407562,7,397,209,43,38,0,0,1.0
54824457579,7,396,209,44,39,0,0,1.0
54824507577,7,397,209,44,40,0,0,1.0
54824557566,7,398,209,44,40,0,0,1.0
54824607583,7,398,208,44,41,0,0,1.0
54824657572,7,398,208,45,42,0,0,1.0
54824707585,7,398,208,46,42,0,0,1.0
54824757583,7,399,208,45,42,0,0,1.0
54824807588,7,398,208,47,43,0,0,1.0
54824857573,7,399,208,46,43,0,0,1.0
54824907586,7,399,208,48,43,0,0,1.0
54824957575,7,399,208,49,43,0,0,1.0
54825007529,7,400,208,48,44,0,0,1.0
54825057578,7,400,207,49,45,0,0,1.0
54825107559,7,400,207,49,45,0,0,1.0
54825157572,7,401,206,49,47,0,0,1.0
54825207562,7,402,206,49,46,0,0,1.0
54825257579,7,402,205,50,47,0,0,1.0
54825307572,7,403,205,50,47,0,0,1.0
54825357565,7,403,204,53,48,0,0,1.0
54825407583,7,404,204,53,49,0,0,1.0
54825457576,7,405,203,53,50,0,0,1.0
54825507585,7,405,203,54,50,0,0,1.0
54825557578,7,406,203,54,49,0,0,1.0
54825607576,7,406,203,56,50,0,0,1.0
54825657569,7,407,203,57,51,0,0,1.0
54825707586,7,407,203,57,54,0,0,1.0
54825757587,7,409,204,57,54,0,0,1.0
54825807573,7,409,205,60,54,0,0,1.0
54825857590,7,409,205,61,55,0,0,1.0
54825907583,7,410,205,62,56,0,0,1.0
54825957576,7,411,205,63,56,0,0,1.0
54826007526,7,412,206,63,56,0,0,1.0
54826057575,7,412,205,65,58,0,0,1.0
54826107572,7,413,204,68,59,0,0,1.0
54826157557,7,413,202,70,62,0,0,1.0
54826207554,7,415,202,71,62,0,0,1.0
54826257572,7,416,202,73,62,0,0,1.0
54826307565,7,416,202,74,62,0,0,1.0
54826357586,7,418,201,74,65,0,0,1.0
54826407571,7,418,201,78,66,0,0,1.0
54826457564,7,419,201,80,66,0,0,1.0
54826507562,7,420,201,82,68,0,0,1.0
54826557579,7,422,201,84,69,0,0,1.0
54826607572,7,424,201,84,70,0,0,1.0
54826657585,7,423,201,87,71,0,0,1.0
54826707578,7,426,201,90,72,0,0,1.0
54826757588,7,428,201,92,74,0,0,1.0
54826807577,7,429,201,96,75,0,0,1.0
54826857570,7,431,200,98,77,0,0,1.0
54826907587,7,432,200,100,78,0,0,1.0
54826957576,7,434,200,103,78,0,0,1.0
54827007522,7,435,200,106,80,0,0,1.0
54827057547,7,437,200,108,81,0,0,1.0
54827107552,7,438,199,112,83,0,0,1.0
54827157565,7,440,199,115,85,0,0,1.0
54827207559,7,443,199,117,86,0,0,1.0
54827257568,7,444,199,121,88,0,0,1.0
54827307565,7,446,199,124,90,0,0,1.0
54827357558,7,447,199,128,92,0,0,1.0
54827407576,7,449,199,132,95,0,0,1.0
54827457569,7,450,199,137,96,0,0,1.0
54827507566,7,453,199,140,98,0,0,1.0
54827557575,7,455,198,144,101,0,0,1.0
54827607573,7,458,198,148,103,0,0,1.0
54827657566,7,460,196,152,107,0,0,1.0
54827707583,7,461,196,158,108,0,0,1.0
54827757572,7,464,195,163,111,0,0,1.0
54827807586,7,466,195,168,113,0,0,1.0
54827857583,7,468,194,172,116,0,0,1.0
54827907576,7,472,193,168,120,0,0,1.0
54827957569,7,474,192,166,123,0,0,1.0
54828007523,7,476,192,164,126,0,0,1.0
54828057552,7,478,191,162,130,0,0,1.0
54828107549,7,481,191,159,133,0,0,1.0
54828157562,7,483,190,157,137,0,0,1.0
54828207555,7,487,190,152,141,0,0,1.0
54828257573,7,490,189,150,146,0,0,1.0
54828307566,7,494,188,146,151,0,0,1.0
54828357559,7,498,188,142,155,0,0,1.0
54828407572,7,502,188,138,159,0,0,1.0
54828457565,7,505,188,135,164,0,0,1.0
54828507559,7,509,188,130,170,0,0,1.0
54828557576,7,511,188,128,175,0,0,1.0
54828607569,7,513,188,128,175,0,0,1.0
54828657562,7,520,186,120,177,0,0,1.0
54828707575,7,526,185,113,161,0,0,1.0
54828757589,7,527,186,113,161,0,0,1.0
54828807578,7,536,185,103,160,0,0,1.0
54828857579,7,538,185,103,160,0,0,1.0
54828907572,7,545,186,96,160,0,0,1.0
54828957589,7,553,186,88,164,0,0,1.0
54829007519,7,559,186,82,164,0,0,1.0
54829057544,7,564,186,77,164,0,0,1.0
54829107549,7,570,186,71,164,0,0,1.0
54829157562,7,579,186,62,164,0,0,1.0
54829207560,7,590,183,50,180,0,0,1.0
54829257569,7,596,183,44,180,0,0,1.0
54824107555,8,137,220,69,37,0,0,1.0
54824157568,8,136,219,67,37,0,0,1.0
54824207565,8,131,218,69,39,0,0,1.0
54824257559,8,125,218,72,38,0,0,1.0
54824307576,8,123,218,71,39,0,0,1.0
54824357565,8,120,219,72,39,0,0,1.0
54824407562,8,109,219,80,40,0,0,1.0
54824457579,8,102,219,84,41,0,0,1.0
54824507577,8,88,219,94,42,0,0,1.0
54824557566,8,76,219,103,42,0,0,1.0
54824607583,8,59,219,117,44,0,0,1.0
54824657572,8,44,220,129,46,0,0,1.0
54824707585,8,31,219,137,49,0,0,1.0
54824757583,8,20,219,146,49,0,0,1.0
54824807588,8,29,219,133,48,0,0,1.0
54824857573,8,13,219,145,50,0,0,1.0
54824907586,8,2,219,153,52,0,0,1.0
54824957575,8,1,219,150,53,0,0,1.0
54825007529,8,1,219,147,54,0,0,1.0
54825057578,8,3,219,141,54,0,0,1.0
54825107559,8,0,219,140,56,0,0,1.0
54825157572,8,0,219,136,56,0,0,1.0
54825207562,8,0,219,133,57,0,0,1.0
54825257579,8,0,219,128,57,0,0,1.0
54825307572,8,0,219,124,55,0,0,1.0
54825357565,8,0,218,119,55,0,0,1.0
54825407583,8,0,218,115,56,0,0,1.0
54825457576,8,0,217,110,58,0,0,1.0
54825507585,8,0,217,105,60,0,0,1.0
54825557578,8,0,218,101,60,0,0,1.0
54825607576,8,0,218,96,61,0,0,1.0
54825657569,8,0,219,90,62,0,0,1.0
54825707586,8,0,219,85,64,0,0,1.0
54825757587,8,0,221,78,65,0,0,1.0
54825807573,8,0,222,72,66,0,0,1.0
54825857590,8,0,222,67,67,0,0,1.0
54825907583,8,0,223,61,69,0,0,1.0
54825957576,8,0,224,55,70,0,0,1.0
54826007526,8,0,224,48,72,0,0,1.0
54826057575,8,0,225,41,71,0,0,1.0
54826107572,8,0,225,33,67,0,0,1.0
54826157557,8,0,230,26,57,0,0,1.0
54826207554,8,0,235,21,51,0,0,1.0
54824457579,9,548,205,15,57,0,1,1.0
54824507577,9,550,199,17,64,0,1,1.0
54824557566,9,554,203,15,60,0,1,1.0
54824607583,9,557,202,15,61,0,1,1.0
54824657572,9,559,203,17,61,0,1,1.0
54824707585,9,563,202,19,63,0,1,1.0
54824757583,9,567,202,19,64,0,1,1.0
54824807588,9,570,202,18,63,0,1,1.0
54824857573,9,572,201,21,66,0,1,1.0
54824907586,9,577,201,21,67,0,1,1.0
54824957575,9,581,200,22,69,0,1,1.0
54825007529,9,587,200,21,70,0,1,1.0
54825057578,9,592,199,22,71,0,1,1.0
54825107559,9,597,198,22,74,0,1,1.0
54825157572,9,600,197,25,75,0,1,1.0
54825207562,9,605,194,26,79,0,1,1.0
54825257579,9,612,194,27,80,0,1,1.0
54825307572,9,618,193,22,82,0,1,1.0
54825357565,9,625,192,15,73,0,1,1.0
54825857590,10,287,222,28,22,0,0,1.0
54825907583,10,285,222,28,22,0,0,1.0
54825957576,10,284,223,29,22,0,0,1.0
54826007526,10,283,223,30,22,0,0,1.0
54826057575,10,282,222,30,23,0,0,1.0
54826107572,10,281,221,31,24,0,0,1.0
54826157557,10,281,220,30,25,0,0,1.0
54826207554,10,280,220,31,25,0,0,1.0
54826257572,10,279,220,32,25,0,0,1.0
54826307565,10,279,220,33,26,0,0,1.0
54826357586,10,278,220,33,25,0,0,1.0
54826407571,10,276,220,36,26,0,0,1.0
54826457564,10,275,221,35,26,0,0,1.0
54826507562,10,275,221,35,26,0,0,1.0
54826557579,10,273,220,37,28,0,0,1.0
54826607572,10,273,220,34,28,0,0,1.0
54826657585,10,272,220,35,29,0,0,1.0
54826707578,10,271,220,36,29,0,0,1.0
54826757588,10,269,220,37,30,0,0,1.0
54826807577,10,268,220,38,30,0,0,1.0
54826857570,10,267,220,39,30,0,0,1.0
54826907587,10,267,220,38,31,0,0,1.0
54826957576,10,265,220,39,32,0,0,1.0
54827007522,10,264,220,40,31,0,0,1.0
54827057547,10,262,220,42,32,0,0,1.0
54827107552,10,260,220,43,33,0,0,1.0
54827157565,10,260,220,43,34,0,0,1.0
54827207559,10,258,220,45,36,0,0,1.0
54827257568,10,258,220,44,37,0,0,1.0
54827307565,10,253,221,49,37,0,0,1.0
54827357558,10,251,221,51,39,0,0,1.0
54827407576,10,250,222,51,38,0,0,1.0
54827457569,10,248,222,53,39,0,0,1.0
54827507566,10,248,221,52,41,0,0,1.0
54827557575,10,246,221,53,43,0,0,1.0
54827607573,10,241,220,57,44,0,0,1.0
54827657566,10,239,220,58,45,0,0,1.0
54827707583,10,236,220,61,46,0,0,1.0
54827757572,10,233,219,63,48,0,0,1.0
54827807586,10,229,219,66,49,0,0,1.0
54827857583,10,227,219,67,50,0,0,1.0
54827907576,10,224,219,69,52,0,0,1.0
54827957569,10,219,219,72,54,0,0,1.0
54828007523,10,216,218,74,56,0,0,1.0
54828057552,10,211,219,77,57,0,0,1.0
54828107549,10,207,219,80,59,0,0,1.0
54828157562,10,202,219,83,62,0,0,1.0
54828207555,10,197,220,87,63,0,0,1.0
54828257573,10,190,220,92,66,0,0,1.0
54828307566,10,185,220,95,69,0,0,1.0
54828357559,10,178,222,100,70,0,0,1.0
54828407572,10,171,222,104,75,0,0,1.0
54828457565,10,162,223,112,76,0,0,1.0
54828507559,10,154,223,117,81,0,0,1.0
54828557576,10,144,223,124,84,0,0,1.0
54828607569,10,133,223,134,89,0,0,1.0
54828657562,10,122,224,140,92,0,0,1.0
54828707575,10,108,224,151,99,0,0,1.0
54828757589,10,93,225,162,105,0,0,1.0
54828807578,10,76,225,175,111,0,0,1.0
54828857579,10,56,225,190,121,0,0,1.0
54828907572,10,36,225,205,131,0,0,1.0
54828957589,10,10,225,226,143,0,0,1.0
54829007519,10,1,225,229,153,0,0,1.0
54829057544,10,1,225,223,166,0,0,1.0
54829107549,10,1,225,216,187,0,0,1.0
54829157562,10,1,225,207,208,0,0,1.0
54829207560,10,1,226,198,231,0,0,1.0
54829257569,10,1,228,188,242,0,0,1.0
54829307566,10,1,228,180,248,0,0,1.0
54829357555,10,1,230,165,248,0,0,1.0
54829407573,10,1,232,148,237,0,0,1.0
54829457566,10,1,232,129,237,0,0,1.0
54829507563,10,0,241,108,229,0,0,1.0
54829557572,10,1,252,88,218,0,0,1.0
54829607570,10,0,278,47,191,0,0,1.0
54828507559,11,263,222,20,38,0,1,1.0
54828557576,11,262,220,24,42,0,1,1.0
54828607569,11,264,220,22,42,0,1,1.0
54828657562,11,264,220,19,42,0,1,1.0
54828707575,11,265,220,19,42,0,1,1.0
54828757589,11,267,219,17,44,0,1,1.0
54828807578,11,268,219,16,44,0,1,1.0
54828857579,11,270,220,15,43,0,1,1.0
54828907572,11,269,220,22,44,0,1,1.0
54828957589,11,271,218,26,48,0,1,1.0
54829007519,11,272,220,26,45,0,1,1.0
54829057544,11,272,220,26,45,0,1,1.0
54829107549,11,272,220,28,45,0,1,1.0
54829157562,11,272,221,28,45,0,1,1.0
54829207560,11,273,221,28,45,0,1,1.0
54829257569,11,278,221,24,45,0,1,1.0
54829307566,11,280,219,23,48,0,1,1.0
54829357555,11,282,220,22,47,0,1,1.0
54829407573,11,285,220,23,47,0,1,1.0
54829457566,11,285,220,28,47,0,1,1.0
54829507563,11,286,220,30,48,0,1,1.0
54829557572,11,286,220,30,48,0,1,1.0
54829607570,11,286,218,32,51,0,1,1.0
54829657563,11,290,219,29,50,0,1,1.0
54829707580,11,292,216,27,54,0,1,1.0
54829757561,11,298,217,22,52,0,1,1.0
54829807575,11,300,216,22,53,0,1,1.0
54829857576,11,303,217,19,52,0,1,1.0
54829907569,11,304,216,20,54,0,1,1.0
54829957586,11,305,216,22,55,0,1,1.0
54830007520,11,306,217,22,54,0,1,1.0
54830057549,11,307,216,27,54,0,1,1.0
54830107558,11,309,217,27,54,0,1,1.0
54830157563,11,311,215,27,56,0,1,1.0
54830207556,11,316,215,26,58,0,1,1.0
54830257550,11,316,212,30,67,0,1,1.0
54830307571,11,319,212,30,63,0,1,1.0
54831357552,11,398,212,32,50,0,1,1.0
54831407569,11,402,212,34,50,0,1,1.0
54831457562,11,405,212,38,50,0,1,1.0
54831507556,11,410,212,38,61,0,1,1.0
54831557573,11,416,212,40,76,0,1,1.0
54831607562,11,420,212,38,77,0,1,1.0
54831657579,11,427,212,33,78,0,1,1.0
54831707572,11,430,211,32,79,0,1,1.0
54831757582,11,435,210,30,80,0,1,1.0
54831807571,11,437,210,34,79,0,1,1.0
54831857568,11,442,210,36,82,0,1,1.0
54831907585,11,448,210,39,81,0,1,1.0
54831957578,11,450,211,46,81,0,1,1.0
54832007520,11,451,212,48,81,0,1,1.0
54832057549,11,452,212,50,82,0,1,1.0
54832107554,11,456,212,50,83,0,1,1.0
54832157559,11,464,210,43,86,0,1,1.0
54832207553,11,477,210,31,87,0,1,1.0
54832257566,11,483,208,30,88,0,1,1.0
54832307559,11,486,207,37,91,0,1,1.0
54832357552,11,493,209,32,89,0,1,1.0
54832407570,11,495,209,43,90,0,1,1.0
54832457559,11,498,212,56,86,0,1,1.0
54832507576,11,499,216,57,84,0,1,1.0
54832557569,11,503,215,58,86,0,1,1.0
54832607563,11,508,214,55,87,0,1,1.0
54832657580,11,518,213,46,88,0,1,1.0
54832707573,11,529,212,36,89,0,1,1.0
54832757566,11,536,210,32,91,0,1,1.0
54832807580,11,540,210,37,92,0,1,1.0
54832857573,11,546,210,45,92,0,1,1.0
54832907566,11,551,212,55,90,0,1,1.0
54832957583,11,553,213,61,89,0,1,1.0
54833007521,11,555,213,66,89,0,1,1.0
54833057546,11,557,214,69,89,0,1,1.0
54833107551,11,561,213,66,90,0,1,1.0
54833157564,11,569,212,59,90,0,1,1.0
54833207557,11,579,210,49,91,0,1,1.0
54833257555,11,590,205,40,96,0,1,1.0
54833307564,11,597,205,37,95,0,1,1.0
54833357557,11,601,203,38,98,0,1,1.0
54833407574,11,606,202,34,100,0,1,1.0
54833457567,11,609,202,31,99,0,1,1.0
54833507561,11,614,206,26,95,0,1,1.0
54833557558,11,617,208,23,93,0,1,1.0
54833607571,11,619,217,21,85,0,1,1.0
54827757572,12,180,215,15,42,0,1,1.0
54827807586,12,179,214,15,42,0,1,1.0
54827857583,12,179,214,15,42,0,1,1.0
54827907576,12,180,213,15,44,0,1,1.0
54827957569,12,178,213,15,44,0,1,1.0
54828007523,12,178,213,17,44,0,1,1.0
54828057552,12,177,214,18,44,0,1,1.0
54828107549,12,177,214,18,44,0,1,1.0
54828157562,12,176,214,18,45,0,1,1.0
54828207555,12,175,214,18,45,0,1,1.0
54828257573,12,174,215,18,45,0,1,1.0
54828307566,12,174,215,18,46,0,1,1.0
54828357559,12,175,216,17,43,0,1,1.0
54828407572,12,174,216,17,43,0,1,1.0
54829257569,12,161,216,22,45,0,1,1.0
54829307566,12,162,217,22,61,0,1,1.0
54829357555,12,159,217,18,58,0,1,1.0
54829407573,12,160,217,19,59,0,1,1.0
54829457566,12,158,217,19,59,0,1,1.0
54829507563,12,157,218,20,59,0,1,1.0
54829557572,12,156,218,23,60,0,1,1.0
54829607570,12,155,218,25,61,0,1,1.0
54829657563,12,155,218,25,63,0,1,1.0
54829707580,12,155,217,24,65,0,1,1.0
54829757561,12,155,217,23,65,0,1,1.0
54829807575,12,157,215,22,67,0,1,1.0
54829857576,12,158,213,21,69,0,1,1.0
54829907569,12,158,213,21,70,0,1,1.0
54829957586,12,158,213,24,71,0,1,1.0
54830007520,12,157,213,30,71,0,1,1.0
54830057549,12,155,213,34,72,0,1,1.0
54830107558,12,153,213,34,73,0,1,1.0
54830157563,12,153,213,33,74,0,1,1.0
54830207556,12,154,213,31,75,0,1,1.0
54830257550,12,157,211,26,77,0,1,1.0
54830307571,12,159,209,24,80,0,1,1.0
54830357564,12,158,208,25,82,0,1,1.0
54830407553,12,156,207,27,85,0,1,1.0
54830457574,12,155,209,28,84,0,1,1.0
54830507568,12,154,211,30,84,0,1,1.0
54830557561,12,153,212,32,84,0,1,1.0
54830607578,12,155,210,30,87,0,1,1.0
54830657571,12,155,209,30,89,0,1,1.0
54830707560,12,156,208,30,91,0,1,1.0
54830757586,12,158,206,29,95,0,1,1.0
54830807579,12,159,206,28,95,0,1,1.0
54830857568,12,157,206,33,97,0,1,1.0
54830907585,12,158,207,39,97,0,1,1.0
54830957582,12,158,207,40,98,0,1,1.0
54831007520,12,157,208,39,99,0,1,1.0
54831057569,12,156,207,39,102,0,1,1.0
54831107550,12,159,206,36,104,0,1,1.0
54831157563,12,162,205,34,107,0,1,1.0
54831207556,12,162,204,34,109,0,1,1.0
54831257550,12,161,203,37,113,0,1,1.0
54831357552,12,158,203,43,116,0,1,1.0
54831407569,12,159,203,43,119,0,1,1.0
54831457562,12,159,203,45,121,0,1,1.0
54831507556,12,161,201,45,124,0,1,1.0
54831607562,12,169,198,40,130,0,1,1.0
54831657579,12,173,198,39,131,0,1,1.0
54831707572,12,174,197,40,135,0,1,1.0
54831757582,12,174,198,49,136,0,1,1.0
54831807571,12,174,199,56,136,0,1,1.0
54831857568,12,173,199,58,138,0,1,1.0
54831907585,12,172,199,61,143,0,1,1.0
54831957578,12,174,199,63,144,0,1,1.0
54832007520,12,180,197,58,148,0,1,1.0
54832057549,12,190,195,52,152,0,1,1.0
54832107554,12,199,195,48,153,0,1,1.0
54832157559,12,202,195,50,156,0,1,1.0
54832207553,12,202,196,58,157,0,1,1.0
54832257566,12,204,197,69,157,0,1,1.0
54832307559,12,203,199,78,160,0,1,1.0
54832357552,12,210,199,74,162,0,1,1.0
54832407570,12,220,198,69,165,0,1,1.0
54832457559,12,234,196,62,168,0,1,1.0
54832507576,12,251,195,54,171,0,1,1.0
54832557569,12,255,195,59,171,0,1,1.0
54832607563,12,256,196,80,171,0,1,1.0
54832657580,12,256,198,102,170,0,1,1.0
54832707573,12,257,200,110,169,0,1,1.0
54832757566,12,262,201,110,169,0,1,1.0
54832807580,12,273,200,99,170,0,1,1.0
54832857573,12,291,199,83,171,0,1,1.0
54832907566,12,313,195,68,175,0,1,1.0
54832957583,12,340,194,48,176,0,1,1.0
54833007521,12,340,192,63,181,0,1,1.0
54833057546,12,342,196,96,176,0,1,1.0
54833107551,12,343,203,110,167,0,1,1.0
54833157564,12,347,198,113,176,0,1,1.0
54833207557,12,356,201,106,173,0,1,1.0
54833257555,12,372,200,91,175,0,1,1.0
54833307564,12,390,197,74,178,0,1,1.0
54833357557,12,412,196,55,180,0,1,1.0
54833407574,12,423,196,58,180,0,1,1.0
54833457567,12,431,197,64,179,0,1,1.0
54833507561,12,437,199,71,178,0,1,1.0
54833557558,12,439,201,81,176,0,1,1.0
54833607571,12,441,202,88,176,0,1,1.0
54833657564,12,451,204,85,174,0,1,1.0
54833707581,12,465,202,77,173,0,1,1.0
54833757575,12,478,200,70,170,0,1,1.0
54833807564,12,485,199,65,170,0,1,1.0
54833857565,12,491,198,61,172,0,1,1.0
54833907574,12,497,199,71,169,0,1,1.0
54833957571,12,504,201,82,167,0,1,1.0
54834007517,12,510,202,86,167,0,1,1.0
54834057542,12,514,203,84,167,0,1,1.0
54834107551,12,518,203,81,167,0,1,1.0
54834157560,12,527,202,73,168,0,1,1.0
54834207554,12,539,200,63,164,0,1,1.0
54834257547,12,550,200,62,164,0,1,1.0
54834307564,12,556,198,64,166,0,1,1.0
54834357557,12,563,198,67,168,0,1,1.0
54834407555,12,570,200,69,167,0,1,1.0
54834457564,12,575,201,65,166,0,1,1.0
54834507557,12,583,204,57,163,0,1,1.0
54834557574,12,588,202,52,165,0,1,1.0
54834607568,12,596,196,44,172,0,1,1.0
54834657565,12,596,196,44,172,0,1,1.0
54834707558,12,602,196,38,172,0,1,1.0
54834757575,12,607,196,33,172,0,1,1.0
54830807579,13,1,217,17,66,0,1,1.0
54830857568,13,0,217,23,66,0,1,1.0
54830907585,13,0,217,24,66,0,1,1.0
54830957582,13,0,218,22,66,0,1,1.0
54831007520,13,1,219,20,66,0,1,1.0
54831057569,13,0,219,17,66,0,1,1.0
54831107550,13,0,218,14,68,0,1,1.0
54831157563,13,0,217,12,69,0,1,1.0
54831207556,13,0,217,12,68,0,1,1.0
54831257550,13,0,218,12,68,0,1,1.0
54831307559,13,0,215,11,71,0,1,1.0
54831357552,13,1,216,12,72,0,1,1.0
54831407569,13,1,217,14,72,0,1,1.0
54831457562,13,1,217,15,73,0,1,1.0
54831507556,13,0,219,14,71,0,1,1.0
54831557573,13,1,218,12,72,0,1,1.0
54831607562,13,0,216,11,74,0,1,1.0
54831657579,13,1,215,11,77,0,1,1.0
54831707572,13,0,214,13,77,0,1,1.0
54831757582,13,1,216,15,77,0,1,1.0
54831807571,13,1,216,22,78,0,1,1.0
54831857568,13,1,217,24,77,0,1,1.0
54831907585,13,1,217,24,78,0,1,1.0
54831957578,13,1,217,23,80,0,1,1.0
54832007520,13,1,218,21,80,0,1,1.0
54832057549,13,1,218,19,80,0,1,1.0
54832107554,13,1,217,19,81,0,1,1.0
54832157559,13,0,216,20,82,0,1,1.0
54832207553,13,0,215,21,82,0,1,1.0
54832257566,13,0,215,23,84,0,1,1.0
54832307559,13,0,216,24,83,0,1,1.0
54832357552,13,1,217,27,84,0,1,1.0
54832407570,13,0,217,30,85,0,1,1.0
54832457559,13,0,218,32,84,0,1,1.0
54832507576,13,0,218,32,85,0,1,1.0
54832557569,13,0,217,34,86,0,1,1.0
54832607563,13,0,216,35,87,0,1,1.0
54832657580,13,2,215,35,88,0,1,1.0
54832707573,13,5,216,35,88,0,1,1.0
54832757566,13,6,217,37,87,0,1,1.0
54832807580,13,10,219,43,88,0,1,1.0
54832857573,13,9,220,51,87,0,1,1.0
54832907566,13,7,222,56,88,0,1,1.0
54832957583,13,9,222,55,89,0,1,1.0
54833007521,13,12,221,51,90,0,1,1.0
54833057546,13,20,221,44,90,0,1,1.0
54833107551,13,28,220,36,92,0,1,1.0
54833157564,13,31,220,36,93,0,1,1.0
54833207557,13,33,219,38,95,0,1,1.0
54833257555,13,36,220,39,94,0,1,1.0
54833307564,13,40,221,44,95,0,1,1.0
54833357557,13,44,221,42,94,0,1,1.0
54833407574,13,47,222,39,93,0,1,1.0
54833457567,13,51,222,36,94,0,1,1.0
54833507561,13,55,220,34,96,0,1,1.0
54833557558,13,58,220,35,96,0,1,1.0
54833607571,13,59,219,42,98,0,1,1.0
54833657564,13,63,219,41,99,0,1,1.0
54833707581,13,65,220,49,98,0,1,1.0
54833757575,13,69,222,50,97,0,1,1.0
54833807564,13,70,223,49,96,0,1,1.0
54833857565,13,70,222,50,98,0,1,1.0
54833907574,13,72,222,47,98,0,1,1.0
54833957571,13,77,222,43,98,0,1,1.0
54834007517,13,84,220,38,101,0,1,1.0
54834057542,13,87,220,37,101,0,1,1.0
54834107551,13,87,218,41,105,0,1,1.0
54834157560,13,88,220,44,102,0,1,1.0
54834207554,13,96,221,42,102,0,1,1.0
54834257547,13,99,222,45,102,0,1,1.0
54834307564,13,101,223,45,102,0,1,1.0
54834357557,13,101,223,45,103,0,1,1.0
54834407555,13,105,222,41,105,0,1,1.0
54834457564,13,106,221,43,106,0,1,1.0
54834507557,13,106,220,48,107,0,1,1.0
54834557574,13,119,218,40,110,0,1,1.0
54834607568,13,122,219,43,110,0,1,1.0
54834657565,13,123,219,55,110,0,1,1.0
54834707558,13,125,220,61,110,0,1,1.0
54834757575,13,124,222,63,108,0,1,1.0
54834807565,13,124,220,63,111,0,1,1.0
54834857582,13,126,220,61,112,0,1,1.0
54834907579,13,132,219,55,114,0,1,1.0
54834957572,13,142,218,47,115,0,1,1.0
54835007518,13,149,216,41,116,0,1,1.0
54835057563,13,153,216,40,118,0,1,1.0
54835107544,13,156,215,46,118,0,1,1.0
54835157557,13,158,216,59,118,0,1,1.0
54835207554,13,162,217,64,117,0,1,1.0
54835257548,13,162,218,67,117,0,1,1.0
54835307565,13,162,218,68,118,0,1,1.0
54835357554,13,167,217,64,120,0,1,1.0
54835407571,13,177,216,53,122,0,1,1.0
54835457564,13,185,213,45,125,0,1,1.0
54835507558,13,190,214,45,124,0,1,1.0
54835557555,13,202,215,41,124,0,1,1.0
54835607568,13,198,214,63,127,0,1,1.0
54835657561,13,204,215,69,126,0,1,1.0
54835707558,13,204,216,76,126,0,1,1.0
54835757580,13,204,216,79,127,0,1,1.0
54835807569,13,205,215,79,128,0,1,1.0
54835857562,13,213,214,71,129,0,1,1.0
54835907571,13,224,213,59,129,0,1,1.0
54835957568,13,238,211,46,132,0,1,1.0
54836007518,13,242,210,47,133,0,1,1.0
54836057547,13,247,210,50,134,0,1,1.0
54836107548,13,252,210,66,135,0,1,1.0
54836157561,13,258,213,73,133,0,1,1.0
54836207551,13,258,214,80,133,0,1,1.0
54836257548,13,259,215,83,133,0,1,1.0
54836307565,13,264,214,79,135,0,1,1.0
54836357562,13,275,214,68,136,0,1,1.0
54836407556,13,287,213,56,137,0,1,1.0
54836457553,13,298,211,46,138,0,1,1.0
54836507562,13,305,210,46,141,0,1,1.0
54836557559,13,311,210,58,138,0,1,1.0
54836607577,13,309,210,77,138,0,1,1.0
54836657570,13,312,211,87,140,0,1,1.0
54836707567,13,317,215,88,136,0,1,1.0
54836757584,13,321,212,88,142,0,1,1.0
54836807570,13,330,212,80,141,0,1,1.0
54836857571,13,344,210,65,143,0,1,1.0
54836907564,13,357,209,51,143,0,1,1.0
54836957585,13,366,207,49,145,0,1,1.0
54837007515,13,372,207,51,146,0,1,1.0
54837057560,13,379,208,67,144,0,1,1.0
54837107541,13,384,210,79,143,0,1,1.0
54837157554,13,386,211,85,142,0,1,1.0
54837207555,13,387,213,87,141,0,1,1.0
54837257549,13,392,212,85,143,0,1,1.0
54837307550,13,403,212,74,143,0,1,1.0
54837357559,13,417,208,60,146,0,1,1.0
54837407552,13,432,206,47,150,0,1,1.0
54837457569,13,444,206,41,150,0,1,1.0
54837507563,13,453,207,47,150,0,1,1.0
54837557556,13,454,208,65,150,0,1,1.0
54837607553,13,456,211,76,147,0,1,1.0
54837657562,13,459,212,80,147,0,1,1.0
54837707559,13,461,212,83,148,0,1,1.0
54837757577,13,470,210,76,150,0,1,1.0
54837807566,13,483,210,63,148,0,1,1.0
54837857563,13,496,209,53,151,0,1,1.0
54837907580,13,509,207,48,153,0,1,1.0
54837957569,13,515,207,53,154,0,1,1.0
54838007515,13,522,206,69,155,0,1,1.0
54838057548,13,525,209,85,152,0,1,1.0
54838107553,13,529,210,91,151,0,1,1.0
54838157562,13,531,212,92,151,0,1,1.0
54838207552,13,535,212,92,152,0,1,1.0
54838257549,13,547,211,83,154,0,1,1.0
54838307566,13,560,209,74,156,0,1,1.0
54838357559,13,575,207,65,160,0,1,1.0
54838407553,13,589,207,51,160,0,1,1.0
54838457570,13,592,207,48,161,0,1,1.0
54838507559,13,597,208,43,161,0,1,1.0
54838557552,13,604,210,36,161,0,1,1.0
54838607570,13,613,228,27,143,0,1,1.0
54838657563,13,620,234,20,138,0,1,1.0
54829007519,14,223,241,34,20,0,0,1.0
54829057544,14,222,241,34,20,0,0,1.0
54829107549,14,223,241,34,20,0,0,1.0
54829157562,14,220,241,34,20,0,0,1.0
54829207560,14,218,241,36,20,0,0,1.0
54829257569,14,219,241,36,20,0,0,1.0
54829307566,14,220,241,37,21,0,0,1.0
54829357555,14,220,241,37,21,0,0,1.0
54829407573,14,219,241,37,21,0,0,1.0
54829457566,14,217,241,38,20,0,0,1.0
54829507563,14,216,239,38,23,0,0,1.0
54829557572,14,216,239,38,25,0,0,1.0
54829607570,14,215,239,38,25,0,0,1.0
54829657563,14,214,239,38,25,0,0,1.0
54829707580,14,214,239,38,25,0,0,1.0
54829757561,14,213,239,40,25,0,0,1.0
54829807575,14,212,239,40,25,0,0,1.0
54829857576,14,212,238,40,25,0,0,1.0
54829907569,14,211,238,40,25,0,0,1.0
54829957586,14,211,238,40,25,0,0,1.0
54830007520,14,210,238,40,25,0,0,1.0
54830057549,14,210,237,40,27,0,0,1.0
54830107558,14,210,237,40,27,0,0,1.0
54830157563,14,209,237,40,27,0,0,1.0
54830207556,14,209,236,40,29,0,0,1.0
54830257550,14,209,236,40,27,0,0,1.0
54830307571,14,207,236,42,28,0,0,1.0
54830357564,14,206,236,42,28,0,0,1.0
54830407553,14,206,236,42,28,0,0,1.0
54830457574,14,205,236,42,29,0,0,1.0
54830507568,14,204,236,44,29,0,0,1.0
54830557561,14,203,236,44,29,0,0,1.0
54830607578,14,203,236,44,30,0,0,1.0
54830657571,14,202,236,44,29,0,0,1.0
54830757586,14,200,236,44,28,0,0,1.0
54830807579,14,201,236,44,31,0,0,1.0
54830857568,14,201,236,44,31,0,0,1.0
54830907585,14,201,236,44,32,0,0,1.0
54830957582,14,201,236,44,32,0,0,1.0
54831107550,14,201,236,42,32,0,0,1.0
54831157563,14,201,236,42,32,0,0,1.0
54831207556,14,201,236,42,32,0,0,1.0
54831257550,14,201,236,42,32,0,0,1.0
54831307559,14,201,236,42,32,0,0,1.0
54831357552,14,201,236,42,32,0,0,1.0
54831407569,14,201,236,42,32,0,0,1.0
54831457562,14,201,236,42,32,0,0,1.0
54831507556,14,201,236,42,32,0,0,1.0
54833557558,14,191,240,54,38,0,0,1.0
54833607571,14,190,240,54,38,0,0,1.0
54833657564,14,190,240,54,38,0,0,1.0
54833707581,14,190,240,54,38,0,0,1.0
54833757575,14,190,241,54,38,0,0,1.0
54833807564,14,189,240,54,38,0,0,1.0
54833857565,14,191,240,52,38,0,0,1.0
54833907574,14,190,240,54,38,0,0,1.0
54833957571,14,190,240,55,39,0,0,1.0
54834007517,14,189,240,56,40,0,0,1.0
54834057542,14,189,240,56,40,0,0,1.0
54834107551,14,189,240,57,40,0,0,1.0
54834157560,14,190,240,56,40,0,0,1.0
54834207554,14,190,241,56,39,0,0,1.0
54834257547,14,190,240,56,41,0,0,1.0
54834307564,14,190,240,56,41,0,0,1.0
54834357557,14,190,241,57,40,0,0,1.0
54834407555,14,190,241,57,40,0,0,1.0
54834457564,14,190,241,58,40,0,0,1.0
54834507557,14,190,241,59,40,0,0,1.0
54834557574,14,190,241,59,40,0,0,1.0
54834607568,14,189,241,61,41,0,0,1.0
54834657565,14,188,241,62,41,0,0,1.0
54834707558,14,186,241,65,41,0,0,1.0
54834757575,14,185,241,67,41,0,0,1.0
54834807565,14,187,241,65,41,0,0,1.0
54834857582,14,187,241,65,42,0,0,1.0
54834907579,14,188,241,64,43,0,0,1.0
54834957572,14,193,241,60,43,0,0,1.0
54835007518,14,187,241,67,43,0,0,1.0
54835057563,14,190,241,65,43,0,0,1.0
54835107544,14,188,241,68,43,0,0,1.0
54835157557,14,199,241,57,43,0,0,1.0
54835207554,14,203,241,54,43,0,0,1.0
54835257548,14,205,241,52,42,0,0,1.0
54835307565,14,210,241,48,42,0,0,1.0
54835357554,14,213,241,47,43,0,0,1.0
54835407571,14,217,242,43,42,0,0,1.0
54835457564,14,178,242,83,42,0,0,1.0
54835507558,14,183,243,81,41,0,0,1.0
54835557555,14,186,243,78,41,0,0,1.0
54835607568,14,186,241,81,45,0,0,1.0
54835657561,14,186,241,81,45,0,0,1.0
54835707558,14,186,241,81,45,0,0,1.0
54835757580,14,187,241,81,45,0,0,1.0
54835807569,14,187,241,86,46,0,0,1.0
54835857562,14,187,241,51,44,0,0,1.0
54835907571,14,186,241,60,44,0,0,1.0
54835957568,14,187,240,65,46,0,0,1.0
54836007518,14,188,241,69,45,0,0,1.0
54836057547,14,188,241,74,45,0,0,1.0
54836107548,14,187,241,80,46,0,0,1.0
54836157561,14,187,241,84,46,0,0,1.0
54836207551,14,187,242,84,45,0,0,1.0
54836257548,14,189,242,88,46,0,0,1.0
54836307565,14,190,242,93,46,0,0,1.0
54836357562,14,190,243,94,45,0,0,1.0
54836407556,14,192,242,96,46,0,0,1.0
54836457553,14,192,242,98,46,0,0,1.0
54836507562,14,193,242,98,46,0,0,1.0
54836557559,14,193,242,100,46,0,0,1.0
54836607577,14,195,242,99,46,0,0,1.0
54836657570,14,195,241,102,47,0,0,1.0
54836707567,14,197,241,102,47,0,0,1.0
54836757584,14,198,241,104,47,0,0,1.0
54836807570,14,199,241,105,47,0,0,1.0
54836857571,14,201,241,105,47,0,0,1.0
54836907564,14,201,241,105,47,0,0,1.0
54836957585,14,203,241,105,47,0,0,1.0
54837007515,14,205,241,102,47,0,0,1.0
54837057560,14,206,241,102,47,0,0,1.0
54837107541,14,207,241,103,47,0,0,1.0
54837157554,14,210,241,100,47,0,0,1.0
54837207555,14,211,241,99,48,0,0,1.0
54837257549,14,213,240,97,49,0,0,1.0
54837307550,14,215,241,95,48,0,0,1.0
54837357559,14,217,241,92,48,0,0,1.0
54837407552,14,219,240,91,49,0,0,1.0
54837457569,14,222,240,89,49,0,0,1.0
54837507563,14,224,241,87,48,0,0,1.0
54837557556,14,227,240,86,49,0,0,1.0
54837607553,14,227,241,88,48,0,0,1.0
54837657562,14,231,241,84,49,0,0,1.0
54837707559,14,235,241,80,49,0,0,1.0
54837757577,14,239,241,77,49,0,0,1.0
54837807566,14,243,240,76,50,0,0,1.0
54837857563,14,247,241,72,50,0,0,1.0
54837907580,14,250,241,69,50,0,0,1.0
54837957569,14,254,241,68,50,0,0,1.0
54838007515,14,258,241,64,49,0,0,1.0
54838057548,14,263,241,59,50,0,0,1.0
54838107553,14,268,240,55,51,0,0,1.0
54838157562,14,273,241,49,50,0,0,1.0
54838207552,14,278,241,45,50,0,0,1.0
54838257549,14,284,241,139,50,0,0,1.0
54838307566,14,289,242,144,47,0,0,1.0
54838357559,14,292,239,146,52,0,0,1.0
54838407553,14,298,238,145,53,0,0,1.0
54838457570,14,301,237,153,55,0,0,1.0
54838507559,14,301,240,156,56,0,0,1.0
54838557552,14,385,240,79,52,0,0,1.0
54838607570,14,387,240,85,51,0,0,1.0
54838657563,14,388,240,91,52,0,0,1.0
54838707556,14,385,240,100,52,0,0,1.0
54838757573,14,386,240,100,52,0,0,1.0
54838807559,14,386,240,100,53,0,0,1.0
54838857560,14,390,241,98,53,0,0,1.0
54838907577,14,393,241,95,52,0,0,1.0
54838957574,14,395,241,94,54,0,0,1.0
54839007516,14,401,241,89,55,0,0,1.0
54839057541,14,408,241,83,55,0,0,1.0
54839107542,14,415,241,78,55,0,0,1.0
54839157555,14,422,240,72,55,0,0,1.0
54839207552,14,431,239,65,56,0,0,1.0
54839257550,14,440,239,57,56,0,0,1.0
54839307567,14,450,239,49,56,0,0,1.0
54839357564,14,461,239,40,57,0,0,1.0
54839407553,14,469,241,34,54,0,0,1.0
54836507562,15,167,249,34,30,0,0,1.0
54836557559,15,167,249,35,30,0,0,1.0
54836607577,15,167,249,36,30,0,0,1.0
54836657570,15,166,249,37,30,0,0,1.0
54836707567,15,165,249,38,30,0,0,1.0
54836757584,15,166,249,38,30,0,0,1.0
54836807570,15,165,248,40,31,0,0,1.0
54836857571,15,164,248,40,31,0,0,1.0
54836907564,15,163,248,42,32,0,0,1.0
54836957585,15,165,248,40,32,0,0,1.0
54837007515,15,165,247,41,32,0,0,1.0
54837057560,15,164,248,43,31,0,0,1.0
54837107541,15,164,247,43,32,0,0,1.0
54837157554,15,169,248,38,31,0,0,1.0
54837207555,15,166,247,41,32,0,0,1.0
54837257549,15,166,248,40,31,0,0,1.0
54837307550,15,165,248,40,31,0,0,1.0
54837357559,15,165,248,41,32,0,0,1.0
54837407552,15,164,248,41,32,0,0,1.0
54837457569,15,164,248,41,32,0,0,1.0
54837507563,15,164,248,42,32,0,0,1.0
54837557556,15,163,248,42,32,0,0,1.0
54837607553,15,163,249,42,31,0,0,1.0
54837657562,15,160,248,45,32,0,0,1.0
54837707559,15,163,248,42,32,0,0,1.0
54837757577,15,162,247,47,35,0,0,1.0
54837807566,15,162,247,47,35,0,0,1.0
54837857563,15,161,247,47,35,0,0,1.0
54837907580,15,161,247,45,35,0,0,1.0
54837957569,15,160,248,46,35,0,0,1.0
54838007515,15,162,247,44,36,0,0,1.0
54838057548,15,162,247,41,34,0,0,1.0
54838107553,15,158,248,47,34,0,0,1.0
54838157562,15,159,248,46,34,0,0,1.0
54838207552,15,160,248,45,34,0,0,1.0
54838257549,15,159,248,46,34,0,0,1.0
54838307566,15,162,248,43,34,0,0,1.0
54838357559,15,161,248,42,33,0,0,1.0
54838407553,15,165,249,36,31,0,0,1.0
54838457570,15,158,249,47,32,0,0,1.0
54838507559,15,160,249,43,31,0,0,1.0
54838557552,15,158,249,47,32,0,0,1.0
54838607570,15,157,249,48,32,0,0,1.0
54838657563,15,157,249,47,32,0,0,1.0
54838707556,15,157,249,47,32,0,0,1.0
54838757573,15,156,249,47,32,0,0,1.0
54838807559,15,156,250,46,32,0,0,1.0
54838857560,15,155,250,47,33,0,0,1.0
54838907577,15,155,251,45,32,0,0,1.0
54838957574,15,155,251,44,33,0,0,1.0
54839007516,15,155,251,42,33,0,0,1.0
54839057541,15,155,252,42,32,0,0,1.0
54839107542,15,154,251,43,33,0,0,1.0
54839157555,15,153,250,43,34,0,0,1.0
54839207552,15,153,249,43,33,0,0,1.0
54839257550,15,151,248,44,33,0,0,1.0
54839307567,15,151,248,44,33,0,0,1.0
54839357564,15,151,248,44,33,0,0,1.0
54839407553,15,150,248,45,34,0,0,1.0
54839457570,15,150,248,44,35,0,0,1.0
54839507564,15,149,249,45,34,0,0,1.0
54839557561,15,148,249,46,35,0,0,1.0
54839607554,15,147,249,46,35,0,0,1.0
54839657567,15,147,249,46,35,0,0,1.0
54839707564,15,146,248,47,36,0,0,1.0
54839757558,15,146,248,46,36,0,0,1.0
54839807563,15,145,248,47,35,0,0,1.0
54839857572,15,144,247,47,36,0,0,1.0
54839907565,15,143,247,47,36,0,0,1.0
54839957578,15,142,248,48,36,0,0,1.0
54840007516,15,141,249,50,35,0,0,1.0
54840057541,15,141,249,49,36,0,0,1.0
54840107546,15,140,249,50,36,0,0,1.0
54840157559,15,139,249,50,37,0,0,1.0
54840207553,15,138,249,51,37,0,0,1.0
54840257566,15,138,249,51,37,0,0,1.0
54840307563,15,137,249,51,37,0,0,1.0
54840357556,15,136,248,53,38,0,0,1.0
54840407554,15,135,246,52,40,0,0,1.0
54840457571,15,135,248,52,38,0,0,1.0
54840507568,15,134,248,52,38,0,0,1.0
54840557557,15,134,248,51,38,0,0,1.0
54840607575,15,133,248,52,38,0,0,1.0
54840657568,15,132,247,52,39,0,0,1.0
54840707561,15,131,248,53,39,0,0,1.0
54840757574,15,130,248,54,39,0,0,1.0
54840807560,15,129,248,54,40,0,0,1.0
54840857565,15,127,248,55,40,0,0,1.0
54840907582,15,126,248,56,40,0,0,1.0
54840957575,15,126,248,56,40,0,0,1.0
54841007517,15,125,248,56,40,0,0,1.0
54841057566,15,123,248,58,40,0,0,1.0
54841107563,15,123,247,58,41,0,0,1.0
54841157552,15,121,247,59,41,0,0,1.0
54841207545,15,120,247,59,41,0,0,1.0
54841257563,15,118,247,60,41,0,0,1.0
54841307560,15,117,246,60,42,0,0,1.0
54841357553,15,115,246,62,43,0,0,1.0
54841407562,15,114,246,62,43,0,0,1.0
54841457559,15,113,246,63,43,0,0,1.0
54841507553,15,112,246,63,43,0,0,1.0
54841557570,15,111,246,64,43,0,0,1.0
54841607563,15,110,245,64,45,0,0,1.0
54841657560,15,109,245,65,45,0,0,1.0
54841707569,15,107,244,66,46,0,0,1.0
54841757563,15,105,244,66,46,0,0,1.0
54841807576,15,104,244,66,46,0,0,1.0
54841857573,15,102,243,68,47,0,0,1.0
54841907566,15,100,244,69,47,0,0,1.0
54841957583,15,99,244,70,47,0,0,1.0
54842007513,15,97,243,70,49,0,0,1.0
54842057542,15,96,244,70,48,0,0,1.0
54842107547,15,94,244,72,49,0,0,1.0
54842157556,15,92,243,73,50,0,0,1.0
54842207554,15,89,242,75,52,0,0,1.0
54842257543,15,87,242,76,52,0,0,1.0
54842307560,15,84,242,78,52,0,0,1.0
54842357557,15,84,241,77,53,0,0,1.0
54842407551,15,81,241,79,54,0,0,1.0
54842457568,15,79,240,80,55,0,0,1.0
54842507561,15,76,240,82,55,0,0,1.0
54842557550,15,75,239,83,56,0,0,1.0
54842607568,15,72,239,86,56,0,0,1.0
54842657561,15,69,238,89,58,0,0,1.0
54842707554,15,68,237,87,59,0,0,1.0
54842757571,15,65,237,88,59,0,0,1.0
54842807561,15,61,236,91,61,0,0,1.0
54842857578,15,58,236,93,61,0,0,1.0
54842907571,15,54,235,95,62,0,0,1.0
54842957568,15,51,234,97,64,0,0,1.0
54843007514,15,47,233,99,65,0,0,1.0
54843057539,15,42,232,103,66,0,0,1.0
54843107568,15,38,232,105,67,0,0,1.0
54843157553,15,33,230,109,70,0,0,1.0
54843207550,15,28,229,113,71,0,0,1.0
54843257544,15,23,229,115,72,0,0,1.0
54843307561,15,18,229,118,73,0,0,1.0
54843357558,15,12,228,122,76,0,0,1.0
54843407547,15,4,227,127,78,0,0,1.0
54843457568,15,0,226,129,80,0,0,1.0
54843507562,15,0,226,127,81,0,0,1.0
54843557559,15,0,225,125,84,0,0,1.0
54843607552,15,0,224,122,89,0,0,1.0
54843657573,15,0,224,119,90,0,0,1.0
54843707562,15,0,222,116,93,0,0,1.0
54843757560,15,0,222,112,94,0,0,1.0
54843807573,15,0,222,108,97,0,0,1.0
54843857562,15,0,222,105,100,0,0,1.0
54843907579,15,-0,220,103,106,0,0,1.0
54843957572,15,0,220,99,109,0,0,1.0
54844007514,15,0,219,94,114,0,0,1.0
54844057539,15,0,218,89,119,0,0,1.0
54844107544,15,0,218,84,125,0,0,1.0
54844157557,15,-0,218,79,131,0,0,1.0
54844207551,15,-0,217,73,135,0,0,1.0
54844257544,15,0,217,68,128,0,0,1.0
54844307553,15,-0,219,61,110,0,0,1.0
54844357550,15,0,221,55,107,0,0,1.0
54844407568,15,-0,220,47,111,0,0,1.0
54844457561,15,0,224,40,111,0,0,1.0
54835907571,16,439,230,19,43,0,1,1.0
54835957568,16,433,230,24,42,0,1,1.0
54836007518,16,429,230,22,41,0,1,1.0
54836057547,16,423,230,24,40,0,1,1.0
54836107548,16,418,230,23,42,0,1,1.0
54836157561,16,411,231,24,46,0,1,1.0
54836207551,16,405,231,22,47,0,1,1.0
54836257548,16,401,233,24,44,0,1,1.0
54836307565,16,397,233,24,44,0,1,1.0
54837757577,16,221,233,25,45,0,1,1.0
54837807566,16,213,232,27,47,0,1,1.0
54837857563,16,206,232,29,48,0,1,1.0
54837907580,16,201,231,26,50,0,1,1.0
54837957569,16,189,232,31,50,0,1,1.0
54838007515,16,185,231,30,49,0,1,1.0
54838057548,16,179,231,28,46,0,1,1.0
54838107553,16,171,232,30,45,0,1,1.0
54838157562,16,166,231,31,43,0,1,1.0
54838207552,16,159,230,29,49,0,1,1.0
54838257549,16,151,231,29,46,0,1,1.0
54838307566,16,143,231,32,51,0,1,1.0
54838357559,16,136,232,31,50,0,1,1.0
54838407553,16,131,233,29,50,0,1,1.0
54838457570,16,122,232,29,50,0,1,1.0
54838507559,16,114,231,31,51,0,1,1.0
54838557552,16,106,232,31,51,0,1,1.0
54838607570,16,98,233,30,51,0,1,1.0
54838657563,16,88,233,31,49,0,1,1.0
54838707556,16,80,233,32,51,0,1,1.0
54838757573,16,73,234,31,53,0,1,1.0
54838807559,16,64,234,32,54,0,1,1.0
54838857560,16,59,234,29,54,0,1,1.0
54838907577,16,49,235,30,53,0,1,1.0
54838957574,16,41,236,29,52,0,1,1.0
54839007516,16,33,236,30,53,0,1,1.0
54839057541,16,20,237,34,50,0,1,1.0
54839107542,16,12,236,33,57,0,1,1.0
54839157555,16,0,237,36,52,0,1,1.0
54839207552,16,0,236,25,55,0,1,1.0
54830557561,17,53,237,19,33,0,1,1.0
54830607578,17,52,239,19,33,0,1,1.0
54830657571,17,52,239,19,33,0,1,1.0
54830707560,17,53,239,19,33,0,1,1.0
54830757586,17,53,239,19,33,0,1,1.0
54830957582,17,53,237,19,35,0,1,1.0
54831007520,17,51,237,22,35,0,1,1.0
54831057569,17,51,238,22,35,0,1,1.0
54831107550,17,51,238,22,35,0,1,1.0
54831157563,17,51,238,21,35,0,1,1.0
54831207556,17,51,238,18,35,0,1,1.0
54831257550,17,52,238,18,35,0,1,1.0
54831507556,17,55,236,18,36,0,1,1.0
54831557573,17,54,237,18,36,0,1,1.0
54831607562,17,53,237,20,35,0,1,1.0
54831657579,17,52,238,21,35,0,1,1.0
54831707572,17,53,236,21,36,0,1,1.0
54831757582,17,53,237,21,36,0,1,1.0
54831807571,17,56,237,18,36,0,1,1.0
54831857568,17,56,237,18,36,0,1,1.0
54832057549,17,59,238,19,36,0,1,1.0
54832107554,17,58,238,21,36,0,1,1.0
54832157559,17,57,237,21,36,0,1,1.0
54832207553,17,57,237,20,36,0,1,1.0
54832257566,17,58,237,19,36,0,1,1.0
54832307559,17,59,236,21,37,0,1,1.0
54832357552,17,61,236,19,37,0,1,1.0
54832407570,17,64,237,18,38,0,1,1.0
54832457559,17,64,238,18,38,0,1,1.0
54832507576,17,65,238,18,37,0,1,1.0
54832557569,17,68,238,17,38,0,1,1.0
54832607563,17,67,238,18,38,0,1,1.0
54832657580,17,67,237,19,39,0,1,1.0
54832707573,17,67,238,20,38,0,1,1.0
54832757566,17,66,238,21,37,0,1,1.0
54832807580,17,69,238,19,37,0,1,1.0
54832857573,17,70,239,19,37,0,1,1.0
54832907566,17,72,239,19,37,0,1,1.0
54832957583,17,75,238,17,38,0,1,1.0
54833007521,17,75,238,17,38,0,1,1.0
54833057546,17,77,239,17,38,0,1,1.0
54833107551,17,78,239,17,38,0,1,1.0
54833157564,17,78,238,19,37,0,1,1.0
54833207557,17,78,238,20,37,0,1,1.0
54833257555,17,78,238,20,37,0,1,1.0
54833307564,17,79,240,20,36,0,1,1.0
54833357557,17,81,239,19,36,0,1,1.0
54833407574,17,84,239,18,37,0,1,1.0
54833457567,17,85,239,18,37,0,1,1.0
54833507561,17,87,240,18,37,0,1,1.0
54834807565,17,114,243,18,37,0,1,1.0
54834857582,17,114,244,19,37,0,1,1.0
54834907579,17,113,244,20,37,0,1,1.0
54834957572,17,113,244,20,37,0,1,1.0
54835007518,17,113,243,19,37,0,1,1.0
54835607568,17,130,243,17,38,0,1,1.0
54835657561,17,130,243,17,38,0,1,1.0
54835707558,17,131,242,17,38,0,1,1.0
54835757580,17,132,242,18,38,0,1,1.0
54835807569,17,133,241,18,39,0,1,1.0
54835857562,17,133,242,20,39,0,1,1.0
54835907571,17,133,242,20,38,0,1,1.0
54835957568,17,133,241,21,39,0,1,1.0
54836007518,17,133,240,21,40,0,1,1.0
54836057547,17,134,240,20,41,0,1,1.0
54836107548,17,135,240,19,41,0,1,1.0
54836157561,17,137,241,17,40,0,1,1.0
54836207551,17,140,242,17,40,0,1,1.0
54836257548,17,140,241,18,41,0,1,1.0
54836307565,17,141,241,18,41,0,1,1.0
54836357562,17,143,242,18,41,0,1,1.0
54836407556,17,144,241,19,41,0,1,1.0
54836457553,17,144,242,21,39,0,1,1.0
54836507562,17,144,242,22,41,0,1,1.0
54836557559,17,143,242,24,41,0,1,1.0
54836607577,17,144,241,24,41,0,1,1.0
54836657570,17,145,241,24,41,0,1,1.0
54836707567,17,148,241,22,41,0,1,1.0
54836757584,17,149,241,21,41,0,1,1.0
54836807570,17,153,240,18,41,0,1,1.0
54836857571,17,155,240,18,41,0,1,1.0
54836907564,17,157,240,16,41,0,1,1.0
54836957585,17,158,240,16,41,0,1,1.0
54837007515,17,157,240,19,41,0,1,1.0
54837057560,17,156,240,23,41,0,1,1.0
54837107541,17,156,240,25,41,0,1,1.0
54837157554,17,158,240,25,41,0,1,1.0
54837207555,17,159,240,24,41,0,1,1.0
54837257549,17,162,240,20,41,0,1,1.0
54837307550,17,166,240,17,41,0,1,1.0
54837357559,17,168,240,17,41,0,1,1.0
54837407552,17,168,240,17,41,0,1,1.0
54837457569,17,169,240,17,41,0,1,1.0
54837507563,17,168,240,20,41,0,1,1.0
54837557556,17,170,240,24,41,0,1,1.0
54837607553,17,169,240,26,41,0,1,1.0
54837657562,17,173,240,22,41,0,1,1.0
54837707559,17,174,240,21,41,0,1,1.0
54837757577,17,174,241,21,41,0,1,1.0
54837807566,17,175,241,20,41,0,1,1.0
54837857563,17,179,241,17,41,0,1,1.0
54837957569,17,184,240,15,42,0,1,1.0
54838207552,17,191,239,17,42,0,1,1.0
54838257549,17,192,239,17,42,0,1,1.0
54838307566,17,194,240,15,41,0,1,1.0
54838407553,17,196,239,15,43,0,1,1.0
54838457570,17,195,239,16,42,0,1,1.0
54838557552,17,198,240,15,42,0,1,1.0
54838607570,17,197,239,21,42,0,1,1.0
54838657563,17,198,240,23,42,0,1,1.0
54838707556,17,198,241,24,41,0,1,1.0
54838757573,17,198,241,24,41,0,1,1.0
54838807559,17,205,241,17,41,0,1,1.0
54838857560,17,206,242,15,41,0,1,1.0
54838907577,17,205,242,17,42,0,1,1.0
54838957574,17,207,242,15,42,0,1,1.0
54839107542,17,211,244,16,41,0,1,1.0
54839157555,17,210,242,22,43,0,1,1.0
54839207552,17,210,241,23,43,0,1,1.0
54839257550,17,210,241,24,43,0,1,1.0
54839307567,17,211,242,23,42,0,1,1.0
54839357564,17,212,241,22,43,0,1,1.0
54839407553,17,216,241,19,44,0,1,1.0
54839457570,17,220,242,15,43,0,1,1.0
54839507564,17,222,241,14,44,0,1,1.0
54839557561,17,223,241,15,45,0,1,1.0
54839607554,17,224,240,16,45,0,1,1.0
54839657567,17,223,239,22,47,0,1,1.0
54839707564,17,223,239,25,47,0,1,1.0
54839757558,17,223,240,27,46,0,1,1.0
54839807563,17,224,241,26,44,0,1,1.0
54839857572,17,225,241,24,44,0,1,1.0
54839907565,17,227,239,23,46,0,1,1.0
54839957578,17,230,240,21,46,0,1,1.0
54840007516,17,235,241,15,45,0,1,1.0
54840057541,17,237,239,14,48,0,1,1.0
54840107546,17,238,240,16,46,0,1,1.0
54840157559,17,238,240,19,47,0,1,1.0
54840207553,17,238,241,22,47,0,1,1.0
54840257566,17,238,242,24,46,0,1,1.0
54840307563,17,238,243,26,45,0,1,1.0
54840357556,17,239,243,25,45,0,1,1.0
54840407554,17,241,239,24,49,0,1,1.0
54840457571,17,244,238,21,50,0,1,1.0
54840507568,17,249,237,17,51,0,1,1.0
54840557557,17,251,236,15,53,0,1,1.0
54840607575,17,253,235,15,54,0,1,1.0
54840657568,17,253,238,21,53,0,1,1.0
54840707561,17,253,238,26,54,0,1,1.0
54840757574,17,253,239,27,51,0,1,1.0
54840807560,17,254,243,27,47,0,1,1.0
54840857565,17,254,241,28,49,0,1,1.0
54840907582,17,256,242,25,48,0,1,1.0
54840957575,17,259,242,22,48,0,1,1.0
54841007517,17,262,242,19,48,0,1,1.0
54841057566,17,267,241,16,48,0,1,1.0
54841107563,17,271,239,16,51,0,1,1.0
54841157552,17,272,237,15,54,0,1,1.0
54841207545,17,271,237,17,51,0,1,1.0
54841257563,17,272,238,20,52,0,1,1.0
54841307560,17,272,239,24,51,0,1,1.0
54841357553,17,273,240,23,50,0,1,1.0
54841407562,17,274,240,23,50,0,1,1.0
54842557550,17,327,236,21,37,0,1,1.0
54842607568,17,331,234,21,41,0,1,1.0
54842657561,17,333,234,18,50,0,1,1.0
54842707554,17,335,234,18,56,0,1,1.0
54842757571,17,338,233,20,58,0,1,1.0
54842807561,17,340,233,19,58,0,1,1.0
54842857578,17,342,232,20,60,0,1,1.0
54842907571,17,343,231,26,60,0,1,1.0
54842957568,17,343,231,32,61,0,1,1.0
54843007514,17,344,232,33,60,0,1,1.0
54843057539,17,345,233,33,58,0,1,1.0
54843107568,17,346,231,34,60,0,1,1.0
54843157553,17,350,229,30,62,0,1,1.0
54843207550,17,354,227,29,64,0,1,1.0
54843257544,17,360,227,29,63,0,1,1.0
54843307561,17,366,226,23,64,0,1,1.0
54843357558,17,369,226,20,66,0,1,1.0
54843407547,17,371,225,21,66,0,1,1.0
54843457568,17,372,226,25,64,0,1,1.0
54843507562,17,373,226,30,64,0,1,1.0
54843557559,17,375,226,33,63,0,1,1.0
54843607552,17,376,224,35,64,0,1,1.0
54843657573,17,377,223,35,65,0,1,1.0
54843707562,17,377,223,36,65,0,1,1.0
54843757560,17,381,223,33,66,0,1,1.0
54843807573,17,386,222,29,67,0,1,1.0
54843857562,17,391,222,26,68,0,1,1.0
54843907579,17,399,222,22,68,0,1,1.0
54843957572,17,403,221,20,69,0,1,1.0
54844007514,17,404,220,21,69,0,1,1.0
54844057539,17,405,220,26,70,0,1,1.0
54844107544,17,405,219,35,70,0,1,1.0
54844157557,17,407,220,35,69,0,1,1.0
54844207551,17,408,220,38,69,0,1,1.0
54844257544,17,411,219,36,70,0,1,1.0
54844307553,17,415,219,33,71,0,1,1.0
54844357550,17,421,219,29,70,0,1,1.0
54844407568,17,426,218,26,71,0,1,1.0
54844457561,17,433,218,22,71,0,1,1.0
54844507554,17,439,218,21,73,0,1,1.0
54844557571,17,442,218,24,75,0,1,1.0
54844607557,17,445,220,29,74,0,1,1.0
54844657574,17,446,220,39,74,0,1,1.0
54844707567,17,449,220,42,74,0,1,1.0
54844757564,17,452,219,43,75,0,1,1.0
54844807574,17,455,217,43,77,0,1,1.0
54844857567,17,461,216,41,78,0,1,1.0
54844907560,17,469,216,36,78,0,1,1.0
54844957577,17,478,215,31,79,0,1,1.0
54845007511,17,490,214,25,81,0,1,1.0
54845057536,17,499,212,26,82,0,1,1.0
54845107541,17,504,210,29,85,0,1,1.0
54845157546,17,511,209,33,85,0,1,1.0
54845207543,17,517,211,40,84,0,1,1.0
54845257561,17,524,212,43,84,0,1,1.0
54845307554,17,531,212,43,84,0,1,1.0
54845357551,17,540,212,42,86,0,1,1.0
54845407544,17,551,211,40,88,0,1,1.0
54845457557,17,563,210,37,89,0,1,1.0
54845507551,17,579,206,33,93,0,1,1.0
54845557568,17,595,205,28,97,0,1,1.0
54845607561,17,607,203,31,98,0,1,1.0
54845657554,17,618,204,22,98,0,1,1.0
54842107547,18,354,236,15,46,0,1,1.0
54842157556,18,354,236,15,46,0,1,1.0
54842207554,18,354,236,16,46,0,1,1.0
54842257543,18,355,235,15,47,0,1,1.0
54842307560,18,355,234,15,48,0,1,1.0
54842357557,18,356,234,15,47,0,1,1.0
54842407551,18,356,233,16,48,0,1,1.0
54842457568,18,357,233,16,48,0,1,1.0
54842507561,18,358,233,16,47,0,1,1.0
54842557550,18,358,232,17,48,0,1,1.0
54842607568,18,359,232,17,48,0,1,1.0
54842657561,18,360,231,17,49,0,1,1.0
54842707554,18,361,231,17,49,0,1,1.0
54842757571,18,362,230,17,50,0,1,1.0
54842807561,18,363,230,17,50,0,1,1.0
54842857578,18,364,230,16,49,0,1,1.0
54842907571,18,364,229,17,50,0,1,1.0
54842957568,18,365,228,17,51,0,1,1.0
54843007514,18,366,227,18,52,0,1,1.0
54843057539,18,365,226,19,53,0,1,1.0
54843107568,18,369,226,15,53,0,1,1.0
54843157553,18,371,227,15,52,0,1,1.0
54843207550,18,367,227,21,54,0,1,1.0
54843257544,18,367,227,21,54,0,1,1.0
54843307561,18,367,227,21,54,0,1,1.0
54843357558,18,369,227,19,54,0,1,1.0
54843407547,18,370,227,18,54,0,1,1.0
54843457568,18,370,227,18,54,0,1,1.0
54843507562,18,370,227,18,54,0,1,1.0
54843557559,18,371,223,16,54,0,1,1.0
54843607552,18,372,222,16,55,0,1,1.0
54843657573,18,373,221,17,56,0,1,1.0
54843707562,18,373,221,19,54,0,1,1.0
54843757560,18,372,221,20,55,0,1,1.0
54843807573,18,373,221,19,55,0,1,1.0
54843857562,18,374,221,19,56,0,1,1.0
54843907579,18,376,221,18,56,0,1,1.0
54843957572,18,376,220,20,57,0,1,1.0
54844007514,18,376,220,21,56,0,1,1.0
54844057539,18,376,218,21,58,0,1,1.0
54844107544,18,376,218,21,58,0,1,1.0
54844157557,18,377,218,20,57,0,1,1.0
54844207551,18,378,218,19,57,0,1,1.0
54844257544,18,379,218,20,57,0,1,1.0
54844307553,18,379,217,20,59,0,1,1.0
54844357550,18,380,217,20,59,0,1,1.0
54844407568,18,381,217,20,59,0,1,1.0
54844457561,18,382,218,19,58,0,1,1.0
54844507554,18,383,217,20,60,0,1,1.0
54844557571,18,384,218,21,60,0,1,1.0
54844607557,18,385,218,21,61,0,1,1.0
54844657574,18,386,219,22,60,0,1,1.0
54844707567,18,387,218,22,61,0,1,1.0
54844757564,18,389,217,21,62,0,1,1.0
54844807574,18,390,215,22,64,0,1,1.0
54844857567,18,393,215,22,64,0,1,1.0
54844907560,18,396,216,21,63,0,1,1.0
54844957577,18,399,216,22,63,0,1,1.0
54845007511,18,401,215,22,63,0,1,1.0
54845057536,18,404,214,21,64,0,1,1.0
54845107541,18,406,213,22,64,0,1,1.0
54845157546,18,411,213,21,65,0,1,1.0
54845207543,18,414,212,23,66,0,1,1.0
54845257561,18,418,212,23,66,0,1,1.0
54845307554,18,422,212,23,67,0,1,1.0
54845357551,18,425,212,24,68,0,1,1.0
54845407544,18,430,213,24,68,0,1,1.0
54845457557,18,434,211,26,71,0,1,1.0
54845507551,18,440,211,25,70,0,1,1.0
54845557568,18,446,210,24,71,0,1,1.0
54845607561,18,451,209,25,72,0,1,1.0
54845657554,18,456,209,25,72,0,1,1.0
54845707571,18,461,207,26,74,0,1,1.0
54845757561,18,467,205,27,76,0,1,1.0
54845807570,18,472,204,28,78,0,1,1.0
54845857571,18,478,204,28,78,0,1,1.0
54845907564,18,485,202,28,80,0,1,1.0
54845957561,18,491,203,28,80,0,1,1.0
54846007511,18,497,202,29,82,0,1,1.0
54846057540,18,503,201,30,83,0,1,1.0
54846107545,18,509,200,31,84,0,1,1.0
54846157558,18,516,200,31,86,0,1,1.0
54846207552,18,522,200,32,88,0,1,1.0
54846257549,18,527,201,41,90,0,1,1.0
54846307558,18,534,202,36,90,0,1,1.0
54846357551,18,539,202,36,93,0,1,1.0
54846407549,18,544,203,39,94,0,1,1.0
54846457566,18,550,201,38,98,0,1,1.0
54846507559,18,556,202,39,100,0,1,1.0
54846557556,18,564,205,37,98,0,1,1.0
54846607566,18,570,205,36,99,0,1,1.0
54846657559,18,574,205,39,101,0,1,1.0
54846707556,18,581,205,38,102,0,1,1.0
54846757573,18,587,205,39,103,0,1,1.0
54846807563,18,592,205,39,105,0,1,1.0
54846857564,18,598,205,41,107,0,1,1.0
54846907577,18,604,206,36,107,0,1,1.0
54846957570,18,609,206,31,108,0,1,1.0
54847007512,18,613,206,27,109,0,1,1.0
54847057537,18,618,206,22,110,0,1,1.0
54842657561,19,2,238,22,54,0,1,1.0
54842707554,19,1,238,24,55,0,1,1.0
54842757571,19,0,238,24,56,0,1,1.0
54842807561,19,-0,237,23,56,0,1,1.0
54842857578,19,0,236,22,56,0,1,1.0
54842907571,19,0,236,22,55,0,1,1.0
54842957568,19,1,235,20,55,0,1,1.0
54843007514,19,1,233,21,58,0,1,1.0
54843057539,19,1,233,22,56,0,1,1.0
54843107568,19,3,232,21,55,0,1,1.0
54843157553,19,1,232,24,56,0,1,1.0
54843207550,19,3,231,23,56,0,1,1.0
54843257544,19,2,231,26,55,0,1,1.0
54843307561,19,0,231,22,56,0,1,1.0
54843357558,19,0,229,17,59,0,1,1.0
54843407547,19,-0,229,21,59,0,1,1.0
54844507554,19,25,221,28,67,0,1,1.0
54844557571,19,20,221,32,67,0,1,1.0
54844607557,19,16,221,36,69,0,1,1.0
54844657574,19,20,220,31,71,0,1,1.0
54844707567,19,29,220,23,71,0,1,1.0
54844757564,19,22,219,31,72,0,1,1.0
54844807574,19,26,218,28,72,0,1,1.0
54844857567,19,33,219,24,72,0,1,1.0
54844907560,19,30,221,31,70,0,1,1.0
54844957577,19,34,220,34,74,0,1,1.0
54845007511,19,33,218,35,73,0,1,1.0
54845057536,19,32,217,41,75,0,1,1.0
54845107541,19,33,215,41,77,0,1,1.0
54845157546,19,37,214,38,77,0,1,1.0
54845207543,19,44,213,33,78,0,1,1.0
54845257561,19,47,213,33,77,0,1,1.0
54845307554,19,50,213,35,78,0,1,1.0
54845357551,19,62,213,33,78,0,1,1.0
54845407544,19,63,213,33,81,0,1,1.0
54845457557,19,56,213,42,82,0,1,1.0
54845507551,19,58,212,46,85,0,1,1.0
54845557568,19,62,213,49,84,0,1,1.0
54845607561,19,63,212,50,86,0,1,1.0
54845657554,19,63,211,51,88,0,1,1.0
54845707571,19,65,210,50,88,0,1,1.0
54845757561,19,70,207,46,91,0,1,1.0
54845807570,19,76,206,42,92,0,1,1.0
54845857571,19,83,205,51,93,0,1,1.0
54845907564,19,89,203,49,97,0,1,1.0
54845957561,19,92,203,48,98,0,1,1.0
54846007511,19,96,202,32,100,0,1,1.0
54846057540,19,97,203,41,100,0,1,1.0
54846107545,19,98,202,50,102,0,1,1.0
54846157558,19,98,202,53,104,0,1,1.0
54846207552,19,98,203,57,106,0,1,1.0
54846257549,19,98,204,58,108,0,1,1.0
54846307558,19,102,204,56,110,0,1,1.0
54846357551,19,109,204,51,113,0,1,1.0
54846407549,19,116,204,48,115,0,1,1.0
54846457566,19,124,204,45,119,0,1,1.0
54846507559,19,129,205,48,120,0,1,1.0
54846557556,19,133,206,44,122,0,1,1.0
54846607566,19,136,207,52,123,0,1,1.0
54846657559,19,135,208,66,124,0,1,1.0
54846707556,19,135,210,72,124,0,1,1.0
54846757573,19,135,210,76,126,0,1,1.0
54846807563,19,135,210,78,129,0,1,1.0
54846857564,19,139,211,75,129,0,1,1.0
54846907577,19,147,212,69,131,0,1,1.0
54846957570,19,158,211,59,133,0,1,1.0
54847007512,19,169,210,52,137,0,1,1.0
54847057537,19,177,210,47,138,0,1,1.0
54847107542,19,183,210,49,140,0,1,1.0
54847157551,19,188,210,54,143,0,1,1.0
54847207544,19,189,211,71,143,0,1,1.0
54847257542,19,188,212,80,145,0,1,1.0
54847307559,19,187,214,85,145,0,1,1.0
54847357556,19,189,214,86,147,0,1,1.0
54847407549,19,193,212,83,151,0,1,1.0
54847457562,19,202,210,78,154,0,1,1.0
54847507560,19,214,209,67,157,0,1,1.0
54847557557,19,227,207,57,159,0,1,1.0
54847607570,19,236,206,55,162,0,1,1.0
54847657563,19,241,205,56,164,0,1,1.0
54847707552,19,246,205,67,165,0,1,1.0
54847757562,19,249,206,83,166,0,1,1.0
54847807563,19,250,206,93,168,0,1,1.0
54847857568,19,250,207,98,168,0,1,1.0
54847907561,19,252,207,99,170,0,1,1.0
54847957578,19,259,205,93,174,0,1,1.0
54848007512,19,273,205,81,174,0,1,1.0
54848057557,19,289,203,68,178,0,1,1.0
54848107558,19,302,200,68,183,0,1,1.0
54848157543,19,310,198,70,188,0,1,1.0
54848207561,19,318,198,70,190,0,1,1.0
54848257554,19,324,197,89,194,0,1,1.0
54848307571,19,327,199,107,194,0,1,1.0
54848357556,19,327,201,115,194,0,1,1.0
54848407550,19,328,201,120,196,0,1,1.0
54848457567,19,333,199,118,201,0,1,1.0
54848507560,19,344,199,108,204,0,1,1.0
54848557549,19,359,197,97,208,0,1,1.0
54848607563,19,377,195,88,211,0,1,1.0
54848657556,19,395,195,81,214,0,1,1.0
54848707569,19,408,192,73,219,0,1,1.0
54848757566,19,415,193,81,221,0,1,1.0
54848807560,19,425,191,98,224,0,1,1.0
54848857573,19,429,190,121,227,0,1,1.0
54848907558,19,432,194,133,225,0,1,1.0
54848957575,19,435,197,138,226,0,1,1.0
54849007509,19,441,194,137,229,0,1,1.0
54849057558,19,458,192,123,232,0,1,1.0
54849107535,19,485,188,102,242,0,1,1.0
54849157548,19,502,188,100,243,0,1,1.0
54849207557,19,519,185,88,247,0,1,1.0
54849257551,19,532,184,92,255,0,1,1.0
54849307544,19,544,184,96,260,0,1,1.0
54849357561,19,558,186,82,256,0,1,1.0
54849407554,19,566,185,73,262,0,1,1.0
54849457547,19,568,188,72,260,0,1,1.0
54849507561,19,574,203,66,250,0,1,1.0
54846357551,20,147,208,28,87,0,1,1.0
54846407549,20,150,211,32,85,0,1,1.0
54846457566,20,152,212,35,86,0,1,1.0
54846507559,20,158,214,33,88,0,1,1.0
54846557556,20,165,215,28,88,0,1,1.0
54846607566,20,169,217,27,86,0,1,1.0
54846657559,20,173,217,28,88,0,1,1.0
54846707556,20,177,221,32,82,0,1,1.0
54846757573,20,185,220,30,79,0,1,1.0
54846807563,20,189,220,31,87,0,1,1.0
54846857564,20,196,217,34,92,0,1,1.0
54846907577,20,200,216,41,95,0,1,1.0
54846957570,20,204,215,46,98,0,1,1.0
54847007512,20,210,214,45,99,0,1,1.0
54847057537,20,217,215,41,99,0,1,1.0
54847107542,20,225,215,40,100,0,1,1.0
54847157551,20,240,213,38,103,0,1,1.0
54847207544,20,241,213,45,104,0,1,1.0
54847257542,20,245,213,51,105,0,1,1.0
54847307559,20,255,212,49,104,0,1,1.0
54847357556,20,267,214,38,104,0,1,1.0
54847407549,20,279,214,37,103,0,1,1.0
54847457562,20,290,213,36,106,0,1,1.0
54847507560,20,291,213,53,105,0,1,1.0
54847557557,20,293,211,64,107,0,1,1.0
54847607570,20,301,210,62,112,0,1,1.0
54847657563,20,309,211,58,109,0,1,1.0
54847707552,20,323,211,45,109,0,1,1.0
54847757562,20,338,210,38,110,0,1,1.0
54847807563,20,347,207,46,113,0,1,1.0
54847857568,20,352,205,50,116,0,1,1.0
54847907561,20,356,204,61,118,0,1,1.0
54847957578,20,362,201,68,123,0,1,1.0
54848007512,20,373,203,64,122,0,1,1.0
54848057557,20,388,203,52,124,0,1,1.0
54848107558,20,404,205,42,122,0,1,1.0
54848157543,20,415,203,42,125,0,1,1.0
54848207561,20,422,199,51,131,0,1,1.0
54848257554,20,429,193,68,139,0,1,1.0
54848307571,20,440,192,69,142,0,1,1.0
54848357556,20,454,199,62,138,0,1,1.0
54848407550,20,471,200,48,138,0,1,1.0
54848457567,20,484,201,49,136,0,1,1.0
54848507560,20,495,199,55,140,0,1,1.0
54848557549,20,501,195,77,145,0,1,1.0
54848607563,20,507,193,89,148,0,1,1.0
54848657556,20,520,194,83,146,0,1,1.0
54848707569,20,535,193,74,149,0,1,1.0
54848757566,20,550,193,62,150,0,1,1.0
54848807560,20,563,191,55,154,0,1,1.0
54848857573,20,572,189,67,158,0,1,1.0
54848907558,20,582,187,58,159,0,1,1.0
54848957575,20,589,186,51,158,0,1,1.0
54849007509,20,594,183,46,162,0,1,1.0
54849057558,20,602,184,38,162,0,1,1.0
54848657556,21,314,220,30,23,0,0,1.0
54848707569,21,314,220,30,23,0,0,1.0
54848757566,21,314,219,30,24,0,0,1.0
54848807560,21,313,219,32,24,0,0,1.0
54848857573,21,313,219,31,24,0,0,1.0
54848907558,21,313,218,31,24,0,0,1.0
54848957575,21,312,218,32,24,0,0,1.0
54849007509,21,312,218,32,24,0,0,1.0
54849057558,21,312,217,32,25,0,0,1.0
54849107535,21,312,217,32,25,0,0,1.0
54849157548,21,311,217,33,26,0,0,1.0
54849207557,21,310,217,34,26,0,0,1.0
54849257551,21,311,217,34,26,0,0,1.0
54849307544,21,310,217,35,26,0,0,1.0
54849357561,21,310,217,34,27,0,0,1.0
54849407554,21,309,218,35,26,0,0,1.0
54849457547,21,309,218,35,27,0,0,1.0
54849507561,21,308,219,36,27,0,0,1.0
54849557554,21,307,219,36,28,0,0,1.0
54849607547,21,306,220,36,27,0,0,1.0
54849657564,21,305,220,36,28,0,0,1.0
54849707557,21,304,221,37,28,0,0,1.0
54849757575,21,303,222,38,29,0,0,1.0
54849807572,21,301,223,39,29,0,0,1.0
54849857553,21,300,223,39,29,0,0,1.0
54849907570,21,297,223,41,30,0,0,1.0
54849957563,21,296,223,41,30,0,0,1.0
54850007509,21,293,223,41,30,0,0,1.0
54850057550,21,291,223,41,30,0,0,1.0
54850107559,21,289,224,41,30,0,0,1.0
54850157540,21,285,223,43,32,0,0,1.0
54850207558,21,281,223,43,32,0,0,1.0
54850257551,21,277,222,43,32,0,0,1.0
54850307544,21,272,222,44,33,0,0,1.0
54850357553,21,268,223,45,32,0,0,1.0
54850407547,21,264,223,46,33,0,0,1.0
54850457564,21,259,223,47,34,0,0,1.0
54850507557,21,256,224,47,35,0,0,1.0
54850557550,21,251,224,49,35,0,0,1.0
54850607568,21,248,224,49,36,0,0,1.0
54850657557,21,243,224,51,36,0,0,1.0
54850707570,21,240,224,51,37,0,0,1.0
54850757563,21,235,224,53,38,0,0,1.0
54850807569,21,231,224,54,39,0,0,1.0
54850857574,21,227,225,55,39,0,0,1.0
54850907567,21,222,225,57,39,0,0,1.0
54850957576,21,218,224,58,41,0,0,1.0
54851007510,21,213,223,60,42,0,0,1.0
54851057539,21,210,223,60,44,0,0,1.0
54851107544,21,205,223,63,44,0,0,1.0
54851157553,21,199,223,66,45,0,0,1.0
54851207542,21,195,223,67,46,0,0,1.0
54851257560,21,189,223,70,47,0,0,1.0
54851307553,21,186,222,71,49,0,0,1.0
54851357546,21,180,221,74,51,0,0,1.0
54851407563,21,175,221,77,52,0,0,1.0
54851457556,21,169,221,79,54,0,0,1.0
54851507566,21,162,221,83,55,0,0,1.0
54851557559,21,156,221,86,56,0,0,1.0
54851607552,21,149,221,89,58,0,0,1.0
54851657569,21,140,220,97,62,0,0,1.0
54851707562,21,133,221,98,64,0,0,1.0
54851757552,21,125,221,103,66,0,0,1.0
54851807565,21,115,221,109,69,0,0,1.0
54851857558,21,104,221,116,72,0,0,1.0
54851907571,21,93,220,123,75,0,0,1.0
54851957564,21,81,220,130,78,0,0,1.0
54852007510,21,66,219,139,83,0,0,1.0
54852057555,21,50,218,149,88,0,0,1.0
54852107556,21,34,217,159,93,0,0,1.0
54852157541,21,14,218,173,98,0,0,1.0
54852207558,21,0,217,179,105,0,0,1.0
54852257552,21,1,217,170,112,0,0,1.0
54852307545,21,0,218,163,116,0,0,1.0
54852357562,21,0,218,152,126,0,0,1.0
54852407547,21,-0,219,142,136,0,0,1.0
54852457544,21,-0,220,130,148,0,0,1.0
54852507562,21,0,222,116,146,0,0,1.0
54852557555,21,-0,224,101,127,0,0,1.0
54852607568,21,0,226,82,125,0,0,1.0
54852657557,21,-0,230,61,131,0,0,1.0
54850757563,22,286,224,32,22,0,0,1.0
54850807569,22,284,224,32,23,0,0,1.0
54850857574,22,284,226,32,24,0,0,1.0
54850907567,22,281,226,33,24,0,0,1.0
54850957576,22,279,226,33,24,0,0,1.0
54851007510,22,277,226,33,24,0,0,1.0
54851057539,22,274,226,35,24,0,0,1.0
54851107544,22,271,227,36,24,0,0,1.0
54851157553,22,270,226,36,24,0,0,1.0
54851207542,22,268,226,36,24,0,0,1.0
54851257560,22,266,225,36,24,0,0,1.0
54851307553,22,263,224,38,25,0,0,1.0
54851357546,22,262,223,37,25,0,0,1.0
54851407563,22,260,223,38,25,0,0,1.0
54851457556,22,258,223,39,25,0,0,1.0
54851507566,22,257,223,39,26,0,0,1.0
54851557559,22,255,223,40,26,0,0,1.0
54851607552,22,253,223,41,27,0,0,1.0
54851657569,22,251,223,42,28,0,0,1.0
54851707562,22,249,223,43,29,0,0,1.0
54851757552,22,247,223,44,29,0,0,1.0
54851807565,22,245,223,45,29,0,0,1.0
54851857558,22,244,223,45,29,0,0,1.0
54851907571,22,242,222,46,31,0,0,1.0
54851957564,22,241,221,46,32,0,0,1.0
54852007510,22,238,221,48,32,0,0,1.0
54852057555,22,236,220,49,33,0,0,1.0
54852107556,22,233,219,51,34,0,0,1.0
54852157541,22,231,219,52,35,0,0,1.0
54852207558,22,228,219,53,35,0,0,1.0
54852257552,22,226,219,54,36,0,0,1.0
54852307545,22,223,219,56,37,0,0,1.0
54852357562,22,220,219,58,38,0,0,1.0
54852407547,22,217,220,60,38,0,0,1.0
54852457544,22,214,220,61,40,0,0,1.0
54852507562,22,211,221,63,41,0,0,1.0
54852557555,22,207,222,65,42,0,0,1.0
54852607568,22,203,222,68,43,0,0,1.0
54852657557,22,199,223,70,44,0,0,1.0
54852707550,22,195,223,72,46,0,0,1.0
54852757568,22,190,223,75,47,0,0,1.0
54852807565,22,186,223,77,48,0,0,1.0
54852857558,22,182,222,80,50,0,0,1.0
54852907575,22,177,221,83,52,0,0,1.0
54852957560,22,171,221,86,53,0,0,1.0
54853007506,22,166,220,89,56,0,0,1.0
54853057551,22,159,220,94,58,0,0,1.0
54853107532,22,153,219,98,61,0,0,1.0
54853157541,22,145,218,103,63,0,0,1.0
54853207539,22,139,218,106,66,0,0,1.0
54853257552,22,130,218,112,69,0,0,1.0
54853307545,22,119,219,120,72,0,0,1.0
54853357538,22,110,220,126,74,0,0,1.0
54853407552,22,99,222,133,76,0,0,1.0
54853457545,22,86,222,142,80,0,0,1.0
54853507562,22,73,223,150,83,0,0,1.0
54853557551,22,59,223,160,89,0,0,1.0
54853607545,22,41,223,173,94,0,0,1.0
54853657562,22,22,223,186,99,0,0,1.0
54853707559,22,1,223,201,106,0,0,1.0
54853757552,22,0,223,196,112,0,0,1.0
54853807570,22,1,223,188,120,0,0,1.0
54853857559,22,1,224,180,129,0,0,1.0
54853907556,22,1,225,171,140,0,0,1.0
54853957573,22,1,225,163,154,0,0,1.0
54854007507,22,1,226,152,167,0,0,1.0
54854057532,22,0,225,140,179,0,0,1.0
54854107533,22,0,226,127,162,0,0,1.0
54854157542,22,0,228,112,157,0,0,1.0
54854207535,22,0,234,95,150,0,0,1.0
54854257553,22,0,242,75,144,0,0,1.0
54854307546,22,0,260,51,138,0,0,1.0
54847957578,23,252,226,35,24,0,0,1.0
54848007512,23,253,225,35,24,0,0,1.0
54848057557,23,253,225,37,24,0,0,1.0
54848107558,23,253,225,37,24,0,0,1.0
54848157543,23,254,225,37,24,0,0,1.0
54848207561,23,254,225,37,24,0,0,1.0
54848257554,23,254,224,37,24,0,0,1.0
54848307571,23,255,223,37,24,0,0,1.0
54848357556,23,255,223,37,24,0,0,1.0
54848407550,23,255,223,37,24,0,0,1.0
54848457567,23,256,223,37,24,0,0,1.0
54848507560,23,257,223,37,24,0,0,1.0
54848557549,23,257,223,37,24,0,0,1.0
54848607563,23,256,223,37,24,0,0,1.0
54848657556,23,257,222,37,24,0,0,1.0
54848707569,23,258,223,37,24,0,0,1.0
54848757566,23,258,222,37,24,0,0,1.0
54848807560,23,258,222,37,24,0,0,1.0
54848857573,23,259,221,37,24,0,0,1.0
54848907558,23,259,221,37,24,0,0,1.0
54848957575,23,259,221,37,24,0,0,1.0
54849007509,23,260,220,37,24,0,0,1.0
54849057558,23,261,220,37,24,0,0,1.0
54849107535,23,261,220,37,24,0,0,1.0
54849157548,23,261,220,37,24,0,0,1.0
54849207557,23,261,220,37,24,0,0,1.0
54849257551,23,261,220,37,24,0,0,1.0
54849307544,23,262,220,37,24,0,0,1.0
54849357561,23,262,220,37,24,0,0,1.0
54849407554,23,263,222,37,24,0,0,1.0
54849457547,23,262,221,37,24,0,0,1.0
54849507561,23,262,222,37,24,0,0,1.0
54849557554,23,262,223,37,24,0,0,1.0
54849607547,23,262,224,37,24,0,0,1.0
54849657564,23,262,224,37,24,0,0,1.0
54849707557,23,260,224,39,24,0,0,1.0
54849757575,23,260,224,39,25,0,0,1.0
54849807572,23,259,224,39,25,0,0,1.0
54849857553,23,258,224,39,26,0,0,1.0
54849907570,23,256,224,40,26,0,0,1.0
54849957563,23,256,224,38,26,0,0,1.0
54850007509,23,254,224,38,26,0,0,1.0
54850057550,23,252,224,40,26,0,0,1.0
54850107559,23,250,224,40,26,0,0,1.0
54850157540,23,248,224,38,26,0,0,1.0
54850207558,23,245,224,38,26,0,0,1.0
54850257551,23,243,224,38,26,0,0,1.0
54850307544,23,240,225,38,26,0,0,1.0
54850357553,23,236,226,38,26,0,0,1.0
54850407547,23,233,226,38,26,0,0,1.0
54850457564,23,229,226,38,26,0,0,1.0
54850507557,23,227,226,38,27,0,0,1.0
54850557550,23,224,226,38,27,0,0,1.0
54850607568,23,221,226,43,27,0,0,1.0
54850657557,23,219,227,38,26,0,0,1.0
54850707570,23,215,227,38,26,0,0,1.0
54850757563,23,212,227,39,26,0,0,1.0
54850807569,23,210,226,39,28,0,0,1.0
54850857574,23,208,227,39,28,0,0,1.0
54852107556,23,179,221,32,33,0,0,1.0
54852157541,23,169,221,42,34,0,0,1.0
54852207558,23,165,221,44,34,0,0,1.0
54852257552,23,155,220,52,34,0,0,1.0
54852307545,23,149,220,55,34,0,0,1.0
54852357562,23,141,221,61,34,0,0,1.0
54852407547,23,137,221,64,35,0,0,1.0
54852457544,23,134,222,66,36,0,0,1.0
54852507562,23,131,223,67,36,0,0,1.0
54852557555,23,128,223,68,37,0,0,1.0
54852607568,23,125,224,69,38,0,0,1.0
54852657557,23,121,225,71,37,0,0,1.0
54852707550,23,118,225,72,38,0,0,1.0
54852757568,23,114,225,74,39,0,0,1.0
54852807565,23,111,224,74,39,0,0,1.0
54852857558,23,108,223,76,40,0,0,1.0
54852907575,23,104,223,77,40,0,0,1.0
54852957560,23,100,222,79,41,0,0,1.0
54853007506,23,97,222,80,42,0,0,1.0
54853057551,23,93,221,82,44,0,0,1.0
54853107532,23,88,221,86,44,0,0,1.0
54853157541,23,83,221,86,45,0,0,1.0
54853207539,23,79,221,85,45,0,0,1.0
54853257552,23,74,221,87,47,0,0,1.0
54853307545,23,69,222,86,47,0,0,1.0
54853357538,23,64,223,87,48,0,0,1.0
54853407552,23,58,223,87,49,0,0,1.0
54853457545,23,52,223,87,50,0,0,1.0
54853507562,23,46,223,81,51,0,0,1.0
54853557551,23,40,223,82,52,0,0,1.0
54853607545,23,33,224,80,49,0,0,1.0
54854207535,23,1,226,92,45,0,0,1.0
54854257553,23,1,226,87,59,0,0,1.0
54854307546,23,1,226,83,62,0,0,1.0
54854357539,23,1,226,77,63,0,0,1.0
54854407548,23,1,226,70,68,0,0,1.0
54854457541,23,1,227,64,68,0,0,1.0
54854507559,23,1,228,54,68,0,0,1.0
54854557552,23,1,229,49,68,0,0,1.0
54854607545,23,1,231,40,68,0,0,1.0
54854657562,23,1,233,29,68,0,0,1.0
54853657562,24,450,213,68,45,0,0,1.0
54853707559,24,449,212,72,46,0,0,1.0
54853757552,24,451,213,77,46,0,0,1.0
54853807570,24,453,212,83,48,0,0,1.0
54853857559,24,455,212,86,48,0,0,1.0
54853907556,24,457,212,89,49,0,0,1.0
54853957573,24,459,212,97,50,0,0,1.0
54854007507,24,461,213,89,51,0,0,1.0
54854057532,24,463,213,89,52,0,0,1.0
54854107533,24,465,213,91,52,0,0,1.0
54854157542,24,467,213,93,54,0,0,1.0
54854207535,24,470,213,95,55,0,0,1.0
54854257553,24,472,212,99,56,0,0,1.0
54854307546,24,475,212,102,57,0,0,1.0
54854357539,24,477,211,104,58,0,0,1.0
54854407548,24,480,209,106,60,0,0,1.0
54854457541,24,482,209,113,61,0,0,1.0
54854507559,24,484,209,113,63,0,0,1.0
54854557552,24,487,209,116,64,0,0,1.0
54854607545,24,489,209,127,66,0,0,1.0
54854657562,24,492,209,136,67,0,0,1.0
54854707551,24,496,210,141,68,0,0,1.0
54854757569,24,500,209,139,71,0,0,1.0
54854807550,24,503,210,127,71,0,0,1.0
54854857559,24,508,209,132,74,0,0,1.0
54854907552,24,512,209,128,76,0,0,1.0
54854957569,24,516,208,124,78,0,0,1.0
54855007507,24,520,209,120,80,0,0,1.0
54855057532,24,524,209,116,83,0,0,1.0
54855107537,24,529,209,111,85,0,0,1.0
54855157546,24,535,209,105,89,0,0,1.0
54855207544,24,540,208,100,92,0,0,1.0
54855257553,24,546,208,94,95,0,0,1.0
54855307550,24,552,208,88,98,0,0,1.0
54855357543,24,559,207,81,102,0,0,1.0
54855407561,24,566,207,74,105,0,0,1.0
54855457554,24,574,208,66,106,0,0,1.0
54855507547,24,582,208,58,100,0,0,1.0
54855557560,24,588,210,52,107,0,0,1.0
54855607554,24,600,211,40,107,0,0,1.0
54854607545,25,284,217,30,22,0,0,1.0
54854657562,25,283,216,30,23,0,0,1.0
54854707551,25,281,216,32,24,0,0,1.0
54854757569,25,280,216,32,24,0,0,1.0
54854807550,25,279,216,33,26,0,0,1.0
54854857559,25,278,217,33,25,0,0,1.0
54854907552,25,276,217,34,26,0,0,1.0
54854957569,25,274,217,35,26,0,0,1.0
54855007507,25,272,218,36,26,0,0,1.0
54855057532,25,270,218,37,26,0,0,1.0
54855107537,25,268,219,38,27,0,0,1.0
54855157546,25,266,219,39,27,0,0,1.0
54855207544,25,263,219,40,28,0,0,1.0
54855257553,25,262,219,40,29,0,0,1.0
54855307550,25,259,219,42,30,0,0,1.0
54855357543,25,257,217,42,33,0,0,1.0
54855407561,25,253,217,45,33,0,0,1.0
54855457554,25,251,216,46,35,0,0,1.0
54855507547,25,248,216,47,36,0,0,1.0
54855557560,25,245,216,49,37,0,0,1.0
54855607554,25,243,217,49,37,0,0,1.0
54855657547,25,238,217,53,38,0,0,1.0
54855707568,25,235,217,54,40,0,0,1.0
54855757557,25,230,216,57,42,0,0,1.0
54855807559,25,227,217,58,43,0,0,1.0
54855857568,25,222,217,61,45,0,0,1.0
54855907561,25,217,216,64,47,0,0,1.0
54855957554,25,212,217,66,48,0,0,1.0
54856007508,25,207,216,69,51,0,0,1.0
54856057557,25,199,216,73,53,0,0,1.0
54856107562,25,193,216,77,55,0,0,1.0
54856157543,25,185,216,82,58,0,0,1.0
54856207536,25,177,216,87,61,0,0,1.0
54856257554,25,167,216,93,64,0,0,1.0
54856307547,25,157,216,99,67,0,0,1.0
54856357544,25,146,217,105,71,0,0,1.0
54856407553,25,132,218,114,74,0,0,1.0
54856457550,25,117,217,124,80,0,0,1.0
54856507544,25,98,218,137,84,0,0,1.0
54856557561,25,78,215,150,94,0,0,1.0
54856607554,25,54,216,167,100,0,0,1.0
54856657547,25,25,216,187,108,0,0,1.0
54856707556,25,1,214,202,121,0,0,1.0
54856757550,25,1,212,191,138,0,0,1.0
54856807551,25,1,211,179,155,0,0,1.0
54856857564,25,1,212,165,175,0,0,1.0
54856907557,25,1,211,148,203,0,0,1.0
54856957574,25,1,213,129,178,0,0,1.0
54857007504,25,0,211,105,177,0,0,1.0
54857057529,25,1,211,77,177,0,0,1.0
54854957569,26,158,214,18,36,0,1,1.0
54855007507,26,155,214,17,37,0,1,1.0
54855107537,26,148,213,18,38,0,1,1.0
54855207544,26,141,214,18,39,0,1,1.0
54855257553,26,136,215,19,39,0,1,1.0
54855307550,26,133,214,19,41,0,1,1.0
54855357543,26,129,215,18,40,0,1,1.0
54855407561,26,126,214,15,42,0,1,1.0
54855457554,26,120,214,18,43,0,1,1.0
54855507547,26,116,214,19,44,0,1,1.0
54855557560,26,111,213,19,46,0,1,1.0
54855607554,26,107,213,18,47,0,1,1.0
54855657547,26,101,212,20,48,0,1,1.0
54855707568,26,97,214,20,46,0,1,1.0
54855757557,26,90,215,22,47,0,1,1.0
54855807559,26,84,214,22,50,0,1,1.0
54855857568,26,78,215,23,50,0,1,1.0
54855907561,26,73,215,23,50,0,1,1.0
54855957554,26,65,214,25,53,0,1,1.0
54856007508,26,58,212,26,55,0,1,1.0
54856057557,26,52,212,25,55,0,1,1.0
54856107562,26,46,211,25,58,0,1,1.0
54856157543,26,38,211,25,58,0,1,1.0
54856207536,26,31,212,25,59,0,1,1.0
54856257554,26,17,212,32,61,0,1,1.0
54856307547,26,6,213,35,63,0,1,1.0
54856357544,26,0,213,32,63,0,1,1.0
54856407553,26,-0,212,23,65,0,1,1.0
54859457536,27,216,211,18,38,0,1,1.0
54859507553,27,216,211,18,38,0,1,1.0
54859557546,27,214,211,18,38,0,1,1.0
54859607560,27,214,211,17,39,0,1,1.0
54859657553,27,214,212,16,39,0,1,1.0
54859707550,27,213,212,16,39,0,1,1.0
54859757543,27,211,212,16,39,0,1,1.0
54859807565,27,210,211,16,39,0,1,1.0
54860057527,27,199,214,18,36,0,1,1.0
54860107536,27,197,214,18,37,0,1,1.0
54860157541,27,197,214,17,38,0,1,1.0
54860207534,27,195,211,18,42,0,1,1.0
54860257532,27,195,212,17,42,0,1,1.0
54860307549,27,193,212,17,43,0,1,1.0
54860357542,27,191,211,16,45,0,1,1.0
54860407535,27,189,211,16,44,0,1,1.0
54860457548,27,187,212,16,44,0,1,1.0
54860507542,27,185,213,16,43,0,1,1.0
54860557559,27,184,213,16,43,0,1,1.0
54860607552,27,183,213,15,44,0,1,1.0
54860657549,27,180,212,16,46,0,1,1.0
54860707542,27,175,212,21,45,0,1,1.0
54860757552,27,174,211,20,46,0,1,1.0
54860807557,27,171,209,21,48,0,1,1.0
54860857562,27,170,210,20,47,0,1,1.0
54860907559,27,168,209,20,48,0,1,1.0
54860957552,27,166,208,20,51,0,1,1.0
54861007510,27,165,208,19,51,0,1,1.0
54861057555,27,162,208,20,50,0,1,1.0
54861107536,27,158,207,21,52,0,1,1.0
54861157545,27,154,207,23,53,0,1,1.0
54861207543,27,151,207,24,53,0,1,1.0
54861257560,27,149,207,24,55,0,1,1.0
54861307557,27,146,206,25,58,0,1,1.0
54861357546,27,144,207,25,58,0,1,1.0
54861407564,27,142,206,24,59,0,1,1.0
54861457557,27,140,206,22,59,0,1,1.0
54861507550,27,133,205,25,60,0,1,1.0
54861557567,27,129,204,25,61,0,1,1.0
54861607557,27,127,204,25,61,0,1,1.0
54861657550,27,125,204,24,62,0,1,1.0
54861707567,27,122,205,23,62,0,1,1.0
54861757564,27,113,204,28,64,0,1,1.0
54861807570,27,112,203,25,67,0,1,1.0
54861857575,27,106,202,28,69,0,1,1.0
54861907560,27,102,202,27,70,0,1,1.0
54861957557,27,95,202,30,71,0,1,1.0
54862007503,27,93,202,28,71,0,1,1.0
54862057548,27,87,201,31,72,0,1,1.0
54862107529,27,82,199,29,78,0,1,1.0
54862157538,27,75,200,31,77,0,1,1.0
54862207551,27,73,202,28,73,0,1,1.0
54862257549,27,64,199,30,78,0,1,1.0
54862307542,27,51,199,38,81,0,1,1.0
54862357539,27,43,199,40,82,0,1,1.0
54862407556,27,36,199,41,85,0,1,1.0
54862457549,27,30,199,42,87,0,1,1.0
54862507539,27,24,199,40,86,0,1,1.0
54862557560,27,18,196,39,92,0,1,1.0
54862607553,27,11,194,37,95,0,1,1.0
54862657546,27,1,194,39,96,0,1,1.0
54862707543,27,0,193,28,98,0,1,1.0
54859357549,28,456,210,16,41,0,1,1.0
54859407543,28,458,210,16,41,0,1,1.0
54859457536,28,460,211,16,41,0,1,1.0
54859507553,28,462,211,16,41,0,1,1.0
54859557546,28,464,211,16,41,0,1,1.0
54859607560,28,466,211,16,41,0,1,1.0
54859657553,28,467,211,18,42,0,1,1.0
54859707550,28,468,212,18,42,0,1,1.0
54859757543,28,470,212,18,42,0,1,1.0
54859807565,28,472,212,16,42,0,1,1.0
54859857550,28,473,212,16,42,0,1,1.0
54859907563,28,474,211,16,42,0,1,1.0
54859957552,28,475,210,16,44,0,1,1.0
54860007502,28,477,210,16,45,0,1,1.0
54860057527,28,479,210,16,45,0,1,1.0
54860107536,28,480,211,18,45,0,1,1.0
54860157541,28,482,211,19,46,0,1,1.0
54860207534,28,484,210,19,47,0,1,1.0
54860257532,28,485,211,19,47,0,1,1.0
54860307549,28,488,210,18,48,0,1,1.0
54860357542,28,490,209,19,50,0,1,1.0
54860407535,28,492,210,19,50,0,1,1.0
54860457548,28,495,210,19,51,0,1,1.0
54860507542,28,497,211,20,51,0,1,1.0
54860557559,28,499,211,20,51,0,1,1.0
54860607552,28,501,211,21,52,0,1,1.0
54860657549,28,503,211,23,53,0,1,1.0
54860707542,28,506,211,22,54,0,1,1.0
54860757552,28,508,209,24,55,0,1,1.0
54860807557,28,511,208,23,56,0,1,1.0
54860857562,28,513,207,24,57,0,1,1.0
54860907559,28,516,208,24,58,0,1,1.0
54860957552,28,519,207,24,59,0,1,1.0
54861007510,28,521,206,24,61,0,1,1.0
54861057555,28,525,206,25,62,0,1,1.0
54861107536,28,529,206,25,64,0,1,1.0
54861157545,28,532,206,26,64,0,1,1.0
54861207543,28,535,206,27,66,0,1,1.0
54861257560,28,539,206,27,68,0,1,1.0
54861307557,28,543,206,28,68,0,1,1.0
54861357546,28,548,206,28,70,0,1,1.0
54861407564,28,552,205,29,72,0,1,1.0
54861457557,28,557,204,29,73,0,1,1.0
54861507550,28,561,204,30,74,0,1,1.0
54861557567,28,565,203,32,77,0,1,1.0
54861607557,28,570,204,33,79,0,1,1.0
54861657550,28,575,205,34,80,0,1,1.0
54861707567,28,581,204,34,81,0,1,1.0
54861757564,28,586,205,35,83,0,1,1.0
54861807570,28,593,204,36,85,0,1,1.0
54861857575,28,599,202,36,88,0,1,1.0
54861907560,28,605,202,35,91,0,1,1.0
54861957557,28,612,202,28,93,0,1,1.0
54860557559,29,441,212,17,37,0,1,1.0
54860607552,29,442,212,18,37,0,1,1.0
54860657549,29,444,212,18,37,0,1,1.0
54861157545,29,466,208,17,41,0,1,1.0
54861207543,29,470,207,17,42,0,1,1.0
54861257560,29,473,208,17,41,0,1,1.0
54861307557,29,475,209,19,41,0,1,1.0
54861357546,29,477,210,20,41,0,1,1.0
54861407564,29,480,210,19,41,0,1,1.0
54861457557,29,482,207,19,44,0,1,1.0
54861507550,29,485,208,19,43,0,1,1.0
54861557567,29,489,210,17,42,0,1,1.0
54861607557,29,494,210,16,42,0,1,1.0
54861657550,29,498,211,17,42,0,1,1.0
54861707567,29,500,210,19,43,0,1,1.0
54861757564,29,503,207,20,47,0,1,1.0
54861807570,29,504,207,23,47,0,1,1.0
54861857575,29,508,209,22,46,0,1,1.0
54861907560,29,511,209,22,48,0,1,1.0
54861957557,29,514,207,22,50,0,1,1.0
54862007503,29,518,208,20,49,0,1,1.0
54862057548,29,522,206,19,52,0,1,1.0
54862107529,29,524,207,20,51,0,1,1.0
54862157538,29,527,206,20,53,0,1,1.0
54862207551,29,530,206,20,53,0,1,1.0
54862257549,29,533,206,21,53,0,1,1.0
54862307542,29,536,206,24,54,0,1,1.0
54862357539,29,539,208,25,53,0,1,1.0
54862407556,29,541,209,25,52,0,1,1.0
54862457549,29,544,209,25,53,0,1,1.0
54862507539,29,546,210,26,53,0,1,1.0
54862557560,29,550,206,26,58,0,1,1.0
54862607553,29,555,207,26,57,0,1,1.0
54862657546,29,560,204,25,61,0,1,1.0
54862707543,29,564,207,26,58,0,1,1.0
54862757561,29,568,207,26,59,0,1,1.0
54862807562,29,569,203,28,64,0,1,1.0
54862857567,29,573,204,27,65,0,1,1.0
54862907564,29,574,206,27,64,0,1,1.0
54862957557,29,577,208,30,63,0,1,1.0
54863007499,29,578,207,30,65,0,1,1.0
54863057544,29,581,206,29,67,0,1,1.0
54863107525,29,585,205,26,68,0,1,1.0
54863157534,29,589,204,24,70,0,1,1.0
54863207532,29,590,203,25,72,0,1,1.0
54863257549,29,592,202,26,74,0,1,1.0
54863307542,29,594,204,27,74,0,1,1.0
54863357551,29,597,202,33,76,0,1,1.0
54863407545,29,598,203,38,77,0,1,1.0
54863457538,29,598,203,41,79,0,1,1.0
54863507555,29,598,204,42,79,0,1,1.0
54863557552,29,600,203,40,82,0,1,1.0
54863607546,29,603,204,37,81,0,1,1.0
54863657555,29,607,205,33,83,0,1,1.0
54863707552,29,613,204,27,84,0,1,1.0
54863757545,29,620,204,20,85,0,1,1.0
54861607557,30,302,211,16,40,0,1,1.0
54861657550,30,302,211,16,40,0,1,1.0
54861707567,30,302,211,17,40,0,1,1.0
54861757564,30,302,210,17,41,0,1,1.0
54861807570,30,303,210,16,41,0,1,1.0
54861857575,30,304,211,16,41,0,1,1.0
54861907560,30,304,211,16,41,0,1,1.0
54861957557,30,306,211,15,42,0,1,1.0
54862257549,30,309,211,15,43,0,1,1.0
54862307542,30,310,211,16,43,0,1,1.0
54862357539,30,310,211,15,43,0,1,1.0
54862407556,30,310,210,17,45,0,1,1.0
54862457549,30,310,210,16,45,0,1,1.0
54862507539,30,310,210,16,45,0,1,1.0
54862557560,30,311,209,15,46,0,1,1.0
54862607553,30,311,208,16,48,0,1,1.0
54862657546,30,311,207,16,49,0,1,1.0
54862707543,30,310,205,18,52,0,1,1.0
54862757561,30,309,206,19,51,0,1,1.0
54862807562,30,308,207,21,50,0,1,1.0
54862857567,30,306,207,23,52,0,1,1.0
54862907564,30,305,207,22,52,0,1,1.0
54862957557,30,303,208,23,52,0,1,1.0
54863007499,30,301,206,23,55,0,1,1.0
54863057544,30,299,207,24,55,0,1,1.0
54863107525,30,301,206,20,55,0,1,1.0
54863157534,30,300,207,18,54,0,1,1.0
54863207532,30,297,207,18,55,0,1,1.0
54863257549,30,296,207,17,55,0,1,1.0
54863307542,30,292,207,18,56,0,1,1.0
54863357551,30,289,207,19,57,0,1,1.0
54863407545,30,287,207,18,57,0,1,1.0
54863457538,30,284,208,18,57,0,1,1.0
54863507555,30,280,205,20,61,0,1,1.0
54863557552,30,277,205,20,62,0,1,1.0
54863607546,30,273,205,20,62,0,1,1.0
54863657555,30,270,205,20,63,0,1,1.0
54863707552,30,265,205,21,66,0,1,1.0
54863757545,30,261,205,21,65,0,1,1.0
54863807551,30,256,206,26,67,0,1,1.0
54863857556,30,251,205,24,67,0,1,1.0
54863907553,30,246,204,24,70,0,1,1.0
54863957562,30,240,205,25,68,0,1,1.0
54864007500,30,235,206,25,68,0,1,1.0
54864057529,30,231,209,25,66,0,1,1.0
54864107534,30,224,208,27,68,0,1,1.0
54864157543,30,222,209,24,68,0,1,1.0
54864207532,30,214,209,27,68,0,1,1.0
54864257550,30,205,209,30,69,0,1,1.0
54864307543,30,201,208,28,72,0,1,1.0
54864357532,30,201,208,23,73,0,1,1.0
54864407549,30,194,209,23,73,0,1,1.0
54864457546,30,189,207,23,75,0,1,1.0
54864507556,30,181,206,24,77,0,1,1.0
54864557549,30,173,205,26,80,0,1,1.0
54864607542,30,167,205,25,82,0,1,1.0
54864657559,30,158,207,26,81,0,1,1.0
54864707552,30,151,207,27,82,0,1,1.0
54864757546,30,142,206,28,83,0,1,1.0
54864807551,30,134,208,28,83,0,1,1.0
54864857548,30,127,206,27,85,0,1,1.0
54864907545,30,116,209,36,86,0,1,1.0
54864957562,30,109,209,29,86,0,1,1.0
54865007500,30,94,207,34,93,0,1,1.0
54865057549,30,82,206,38,95,0,1,1.0
54865107546,30,75,210,35,92,0,1,1.0
54865157535,30,59,208,39,95,0,1,1.0
54865207533,30,50,208,40,97,0,1,1.0
54865257550,30,40,210,39,96,0,1,1.0
54865307543,30,23,205,44,105,0,1,1.0
54865357532,30,16,209,38,103,0,1,1.0
54865407550,30,0,210,39,105,0,1,1.0
54862357539,31,333,211,16,43,0,1,1.0
54862407556,31,334,212,19,43,0,1,1.0
54862457549,31,335,211,20,44,0,1,1.0
54862507539,31,335,211,20,44,0,1,1.0
54862557560,31,335,212,19,43,0,1,1.0
54862607553,31,335,212,19,43,0,1,1.0
54862657546,31,335,211,18,45,0,1,1.0
54862707543,31,334,211,20,46,0,1,1.0
54862757561,31,335,211,18,46,0,1,1.0
54862807562,31,336,210,19,47,0,1,1.0
54862857567,31,336,210,16,47,0,1,1.0
54862907564,31,336,211,16,47,0,1,1.0
54862957557,31,335,210,18,48,0,1,1.0
54863007499,31,334,211,18,48,0,1,1.0
54863057544,31,333,211,18,49,0,1,1.0
54863107525,31,331,212,19,48,0,1,1.0
54863157534,31,329,213,20,48,0,1,1.0
54863207532,31,326,211,21,50,0,1,1.0
54863257549,31,325,211,20,51,0,1,1.0
54863307542,31,325,210,19,52,0,1,1.0
54863357551,31,325,209,17,53,0,1,1.0
54863407545,31,323,210,17,53,0,1,1.0
54863457538,31,322,210,17,54,0,1,1.0
54863507555,31,320,209,18,56,0,1,1.0
54863557552,31,317,209,21,57,0,1,1.0
54863607546,31,315,210,23,57,0,1,1.0
54863657555,31,312,210,24,58,0,1,1.0
54863707552,31,310,210,23,59,0,1,1.0
54863757545,31,307,211,23,59,0,1,1.0
54863807551,31,304,211,24,59,0,1,1.0
54863857556,31,301,210,24,60,0,1,1.0
54863907553,31,298,211,24,60,0,1,1.0
54863957562,31,295,209,24,63,0,1,1.0
54864007500,31,291,210,25,63,0,1,1.0
54864057529,31,287,210,25,64,0,1,1.0
54864107534,31,283,210,26,65,0,1,1.0
54864157543,31,278,210,25,66,0,1,1.0
54864207532,31,274,211,25,66,0,1,1.0
54864257550,31,269,209,25,69,0,1,1.0
54864307543,31,264,210,25,69,0,1,1.0
54864357532,31,259,210,25,70,0,1,1.0
54864407549,31,253,209,26,71,0,1,1.0
54864457546,31,247,209,26,72,0,1,1.0
54864507556,31,242,208,26,74,0,1,1.0
54864557549,31,236,208,26,75,0,1,1.0
54864607542,31,229,208,25,76,0,1,1.0
54864657559,31,222,213,23,72,0,1,1.0
54864707552,31,216,210,23,76,0,1,1.0
54864757546,31,208,210,25,77,0,1,1.0
54864807551,31,201,210,26,78,0,1,1.0
54864857548,31,194,210,28,79,0,1,1.0
54864907545,31,186,211,28,80,0,1,1.0
54864957562,31,178,211,27,83,0,1,1.0
54865007500,31,170,212,29,83,0,1,1.0
54865057549,31,161,212,32,85,0,1,1.0
54865107546,31,152,213,31,86,0,1,1.0
54865157535,31,143,214,31,88,0,1,1.0
54865207533,31,134,213,33,89,0,1,1.0
54865257550,31,124,215,32,90,0,1,1.0
54865307543,31,113,213,34,95,0,1,1.0
54865357532,31,103,214,31,97,0,1,1.0
54865407550,31,91,214,34,99,0,1,1.0
54865457543,31,78,215,32,100,0,1,1.0
54865507536,31,64,217,34,101,0,1,1.0
54865557553,31,50,214,37,106,0,1,1.0
54865607547,31,35,213,37,108,0,1,1.0
54865657560,31,19,213,38,111,0,1,1.0
54865707553,31,2,213,39,114,0,1,1.0
54865757550,31,0,214,27,115,0,1,1.0
54861957557,32,377,207,18,35,0,1,1.0
54862007503,32,376,207,20,35,0,1,1.0
54862057548,32,374,209,22,34,0,1,1.0
54862107529,32,375,206,20,37,0,1,1.0
54862157538,32,375,208,19,35,0,1,1.0
54862207551,32,374,206,17,37,0,1,1.0
54862507539,32,362,206,18,36,0,1,1.0
54862557560,32,360,205,19,38,0,1,1.0
54862607553,32,359,205,20,37,0,1,1.0
54862657546,32,357,205,21,38,0,1,1.0
54862707543,32,356,205,21,38,0,1,1.0
54862757561,32,355,204,18,40,0,1,1.0
54862807562,32,353,203,17,41,0,1,1.0
54862907564,32,348,203,15,41,0,1,1.0
54862957557,32,344,203,15,42,0,1,1.0
54863007499,32,338,203,17,42,0,1,1.0
54863057544,32,334,204,18,41,0,1,1.0
54863107525,32,332,205,19,40,0,1,1.0
54863157534,32,329,204,20,41,0,1,1.0
54863207532,32,325,204,19,41,0,1,1.0
54863257549,32,320,204,19,42,0,1,1.0
54863307542,32,317,203,18,43,0,1,1.0
54863357551,32,314,204,16,43,0,1,1.0
54863407545,32,309,204,15,42,0,1,1.0
54863457538,32,304,203,16,44,0,1,1.0
54863507555,32,300,203,16,44,0,1,1.0
54863557552,32,296,203,16,44,0,1,1.0
54863607546,32,292,203,16,45,0,1,1.0
54863657555,32,287,205,17,44,0,1,1.0
54863707552,32,281,205,19,44,0,1,1.0
54863757545,32,275,206,21,44,0,1,1.0
54863807551,32,270,207,21,44,0,1,1.0
54863857556,32,263,207,21,44,0,1,1.0
54863907553,32,254,205,22,46,0,1,1.0
54863957562,32,248,205,22,49,0,1,1.0
54864007500,32,241,208,22,49,0,1,1.0
54864057529,32,234,209,24,46,0,1,1.0
54864107534,32,230,209,24,46,0,1,1.0
54864157543,32,220,209,27,46,0,1,1.0
54864207532,32,211,209,27,46,0,1,1.0
54864257550,32,205,209,27,46,0,1,1.0
54864307543,32,197,208,22,48,0,1,1.0
54864357532,32,190,208,22,49,0,1,1.0
54864407549,32,184,209,15,49,0,1,1.0
54864457546,32,178,207,16,51,0,1,1.0
54864507556,32,171,206,18,52,0,1,1.0
54864557549,32,163,206,18,54,0,1,1.0
54864607542,32,153,205,17,55,0,1,1.0
54864657559,32,143,206,20,54,0,1,1.0
54864707552,32,132,208,23,53,0,1,1.0
54864757546,32,119,207,31,55,0,1,1.0
54864807551,32,111,208,30,54,0,1,1.0
54864857548,32,99,207,32,56,0,1,1.0
54864907545,32,91,208,31,56,0,1,1.0
54864957562,32,82,207,31,59,0,1,1.0
54865007500,32,73,206,28,61,0,1,1.0
54865057549,32,62,207,26,62,0,1,1.0
54865107546,32,50,209,23,60,0,1,1.0
54865157535,32,41,208,21,62,0,1,1.0
54865207533,32,23,208,29,65,0,1,1.0
54865257550,32,10,210,29,62,0,1,1.0
54865307543,32,1,211,28,64,0,1,1.0
54865357532,32,0,214,18,59,0,1,1.0
54867507541,33,586,209,18,37,0,1,1.0
54867557534,33,577,210,18,37,0,1,1.0
54867607552,33,569,210,19,37,0,1,1.0
54867657549,33,561,210,19,37,0,1,1.0
54867707538,33,553,210,19,37,0,1,1.0
54867757539,33,545,210,19,39,0,1,1.0
54867807557,33,537,210,19,39,0,1,1.0
54867857542,33,529,210,19,39,0,1,1.0
54867907559,33,521,208,19,41,0,1,1.0
54867957548,33,514,208,19,41,0,1,1.0
54868007498,33,506,208,18,41,0,1,1.0
54868057523,33,499,209,18,41,0,1,1.0
54868107528,33,491,209,18,41,0,1,1.0
54868157537,33,483,209,18,41,0,1,1.0
54868207534,33,476,210,18,41,0,1,1.0
54868257544,33,470,209,18,42,0,1,1.0
54868307537,33,464,208,18,44,0,1,1.0
54868357534,33,456,208,18,44,0,1,1.0
54868407551,33,449,208,18,44,0,1,1.0
54868457544,33,442,208,20,45,0,1,1.0
54868507538,33,435,208,20,45,0,1,1.0
54868557547,33,428,208,20,46,0,1,1.0
54868607540,33,420,208,20,47,0,1,1.0
54868657557,33,413,208,20,47,0,1,1.0
54868707554,33,407,209,20,47,0,1,1.0
54868757548,33,400,209,20,48,0,1,1.0
54868807561,33,392,210,20,48,0,1,1.0
54868857554,33,386,209,21,49,0,1,1.0
54868907547,33,377,209,21,49,0,1,1.0
54868957564,33,370,209,21,49,0,1,1.0
54869007498,33,363,209,21,49,0,1,1.0
54869057527,33,355,209,21,49,0,1,1.0
54869107528,33,347,210,21,49,0,1,1.0
54869157541,33,338,208,24,49,0,1,1.0
54869207539,33,331,208,20,50,0,1,1.0
54869257532,33,322,206,22,53,0,1,1.0
54869307529,33,314,206,22,53,0,1,1.0
54869357546,33,305,207,21,53,0,1,1.0
54869407532,33,297,208,21,55,0,1,1.0
54869457549,33,288,208,21,55,0,1,1.0
54869507542,33,279,207,24,58,0,1,1.0
54869557539,33,269,207,24,59,0,1,1.0
54869607557,33,259,207,25,59,0,1,1.0
54869657550,33,250,209,24,59,0,1,1.0
54869707539,33,241,208,24,61,0,1,1.0
54869757556,33,231,209,25,61,0,1,1.0
54869807542,33,219,207,27,64,0,1,1.0
54869857547,33,208,211,28,61,0,1,1.0
54869907564,33,197,207,28,67,0,1,1.0
54869957561,33,186,205,30,71,0,1,1.0
54870007499,33,175,204,31,74,0,1,1.0
54870057524,33,162,206,32,73,0,1,1.0
54870107529,33,147,206,36,74,0,1,1.0
54870157542,33,134,206,38,76,0,1,1.0
54870207535,33,123,205,38,80,0,1,1.0
54870257553,33,112,206,38,81,0,1,1.0
54870307542,33,100,205,38,84,0,1,1.0
54870357535,33,85,203,37,87,0,1,1.0
54870407552,33,70,203,36,89,0,1,1.0
54870457549,33,52,199,39,95,0,1,1.0
54870507543,33,34,200,44,98,0,1,1.0
54870557560,33,24,207,39,93,0,1,1.0
54870607545,33,1,201,44,105,0,1,1.0
54870657542,33,0,203,28,102,0,1,1.0
54868957564,34,624,211,17,45,0,1,1.0
54869007498,34,617,211,20,45,0,1,1.0
54869057527,34,612,210,20,47,0,1,1.0
54869107528,34,607,210,20,47,0,1,1.0
54869157541,34,603,209,19,48,0,1,1.0
54869207539,34,597,208,19,48,0,1,1.0
54869257532,34,593,208,19,48,0,1,1.0
54869307529,34,586,208,20,47,0,1,1.0
54869357546,34,582,209,20,48,0,1,1.0
54869407532,34,577,210,21,47,0,1,1.0
54869457549,34,571,211,21,47,0,1,1.0
54869507542,34,568,211,20,49,0,1,1.0
54869557539,34,563,211,20,49,0,1,1.0
54869607557,34,557,211,20,49,0,1,1.0
54869657550,34,553,209,20,51,0,1,1.0
54869707539,34,549,208,20,52,0,1,1.0
54869757556,34,545,208,20,52,0,1,1.0
54869807542,34,541,207,19,54,0,1,1.0
54869857547,34,537,206,19,55,0,1,1.0
54869907564,34,533,207,20,55,0,1,1.0
54869957561,34,530,207,21,56,0,1,1.0
54870007499,34,526,207,21,58,0,1,1.0
54870057524,34,523,207,21,58,0,1,1.0
54870107529,34,521,207,22,59,0,1,1.0
54870157542,34,518,206,26,61,0,1,1.0
54870207535,34,517,206,24,62,0,1,1.0
54870257553,34,515,205,23,64,0,1,1.0
54870307542,34,513,204,25,65,0,1,1.0
54870357535,34,510,204,28,66,0,1,1.0
54870407552,34,509,206,23,64,0,1,1.0
54870457549,34,509,205,29,66,0,1,1.0
54870507543,34,507,205,31,68,0,1,1.0
54870557560,34,507,202,30,71,0,1,1.0
54870607545,34,506,202,30,72,0,1,1.0
54870657542,34,503,201,32,75,0,1,1.0
54870707555,34,508,200,27,78,0,1,1.0
54870757553,34,509,201,28,79,0,1,1.0
54870807550,34,510,201,30,82,0,1,1.0
54870857563,34,512,204,31,81,0,1,1.0
54870907556,34,515,202,30,85,0,1,1.0
54870957553,34,518,203,30,85,0,1,1.0
54871007495,34,522,201,33,92,0,1,1.0
54871057520,34,527,200,33,93,0,1,1.0
54871107529,34,531,199,37,98,0,1,1.0
54871157534,34,536,197,41,100,0,1,1.0
54871207527,34,541,194,41,106,0,1,1.0
54871257525,34,547,195,45,108,0,1,1.0
54871307542,34,554,195,48,113,0,1,1.0
54871357539,34,561,196,50,117,0,1,1.0
54871407532,34,568,196,53,123,0,1,1.0
54871457545,34,577,197,55,126,0,1,1.0
54871507539,34,587,195,53,132,0,1,1.0
54871557536,34,599,193,41,139,0,1,1.0
54871607533,34,610,189,30,148,0,1,1.0
54871557536,35,482,213,18,35,0,1,1.0
54871657550,35,486,212,17,37,0,1,1.0
54871757537,35,490,210,16,40,0,1,1.0
54871807542,35,493,210,16,39,0,1,1.0
54871857555,35,495,210,16,39,0,1,1.0
54871907548,35,498,210,16,39,0,1,1.0
54871957545,35,501,208,20,42,0,1,1.0
54872007495,35,502,209,18,41,0,1,1.0
54872057528,35,504,210,19,42,0,1,1.0
54872107533,35,506,210,20,43,0,1,1.0
54872157546,35,509,210,19,43,0,1,1.0
54872207540,35,512,209,20,44,0,1,1.0
54872257533,35,516,211,20,44,0,1,1.0
54872307546,35,520,214,17,41,0,1,1.0
54872357539,35,522,214,15,42,0,1,1.0
54872407537,35,525,213,17,44,0,1,1.0
54872457530,35,528,213,17,44,0,1,1.0
54872507551,35,530,214,19,45,0,1,1.0
54872557540,35,532,211,23,48,0,1,1.0
54872607554,35,535,211,23,48,0,1,1.0
54872657547,35,537,213,24,47,0,1,1.0
54872707540,35,539,213,25,49,0,1,1.0
54872757557,35,543,213,25,49,0,1,1.0
54872807539,35,548,209,25,54,0,1,1.0
54872857544,35,551,211,23,52,0,1,1.0
54872907557,35,556,212,21,52,0,1,1.0
54872957550,35,559,213,23,51,0,1,1.0
54873007496,35,564,215,23,49,0,1,1.0
54873057521,35,569,217,24,49,0,1,1.0
54873107530,35,572,215,22,52,0,1,1.0
54873157535,35,576,216,22,52,0,1,1.0
54873207532,35,577,216,24,53,0,1,1.0
54873257526,35,580,218,27,53,0,1,1.0
54873307543,35,582,220,28,51,0,1,1.0
54873357536,35,587,222,26,51,0,1,1.0
54873407529,35,597,225,20,49,0,1,1.0
54873457542,35,599,223,25,51,0,1,1.0
54873507536,35,604,220,24,55,0,1,1.0
54873557553,35,607,216,27,59,0,1,1.0
54873607550,35,610,222,29,53,0,1,1.0
54873657543,35,613,221,27,55,0,1,1.0
54873707540,35,615,217,25,61,0,1,1.0
54873757554,35,618,216,22,64,0,1,1.0
54873807555,35,621,223,19,57,0,1,1.0
54872107533,36,407,214,17,37,0,1,1.0
54872157546,36,407,211,19,42,0,1,1.0
54872207540,36,409,211,18,42,0,1,1.0
54872257533,36,412,212,17,41,0,1,1.0
54872657547,36,428,218,17,40,0,1,1.0
54872707540,36,431,218,17,41,0,1,1.0
54872757557,36,436,219,15,41,0,1,1.0
54872807539,36,438,219,15,43,0,1,1.0
54872857544,36,442,218,15,44,0,1,1.0
54872907557,36,444,219,15,44,0,1,1.0
54872957550,36,447,219,15,44,0,1,1.0
54873007496,36,449,220,17,43,0,1,1.0
54873057521,36,452,219,19,45,0,1,1.0
54873107530,36,453,221,25,43,0,1,1.0
54873157535,36,454,221,27,45,0,1,1.0
54873207532,36,457,221,24,46,0,1,1.0
54873257526,36,459,222,23,46,0,1,1.0
54873307543,36,465,222,20,47,0,1,1.0
54873357536,36,468,222,20,48,0,1,1.0
54873407529,36,473,222,18,49,0,1,1.0
54873457542,36,476,222,17,50,0,1,1.0
54873507536,36,479,222,23,49,0,1,1.0
54873557553,36,481,219,19,53,0,1,1.0
54873607550,36,483,222,20,51,0,1,1.0
54873657543,36,485,224,20,50,0,1,1.0
54873707540,36,486,224,23,51,0,1,1.0
54873757554,36,488,224,23,52,0,1,1.0
54873807555,36,492,224,23,54,0,1,1.0
54873857560,36,496,224,23,54,0,1,1.0
54873907553,36,501,223,22,55,0,1,1.0
54873957550,36,504,223,19,55,0,1,1.0
54874007496,36,506,223,19,57,0,1,1.0
54874057521,36,508,222,22,57,0,1,1.0
54874107526,36,509,222,23,57,0,1,1.0
54874157539,36,510,222,23,58,0,1,1.0
54874207537,36,510,223,29,58,0,1,1.0
54874257530,36,512,223,30,59,0,1,1.0
54874307547,36,514,223,29,60,0,1,1.0
54874357536,36,517,222,27,61,0,1,1.0
54874407534,36,522,222,24,62,0,1,1.0
54874457551,36,526,221,22,64,0,1,1.0
54874507544,36,528,221,23,66,0,1,1.0
54874557541,36,534,222,21,64,0,1,1.0
54874607551,36,534,222,23,66,0,1,1.0
54874657548,36,534,221,28,68,0,1,1.0
54874707541,36,536,218,28,72,0,1,1.0
54874757538,36,537,221,29,68,0,1,1.0
54874807544,36,538,223,33,67,0,1,1.0
54874857549,36,543,223,29,68,0,1,1.0
54874907562,36,547,222,27,71,0,1,1.0
54874957555,36,551,221,25,72,0,1,1.0
54875007493,36,557,224,22,70,0,1,1.0
54875057518,36,559,220,22,77,0,1,1.0
54875107527,36,559,221,26,75,0,1,1.0
54875157540,36,560,222,31,75,0,1,1.0
54875207529,36,562,219,32,79,0,1,1.0
54875257523,36,562,216,41,83,0,1,1.0
54875307544,36,562,219,45,83,0,1,1.0
54875357537,36,565,224,42,77,0,1,1.0
54875407534,36,567,221,39,80,0,1,1.0
54875457551,36,571,221,36,81,0,1,1.0
54875507541,36,577,220,33,84,0,1,1.0
54875557538,36,581,216,31,90,0,1,1.0
54875607535,36,585,216,29,91,0,1,1.0
54875657532,36,591,222,27,86,0,1,1.0
54875707553,36,594,222,27,87,0,1,1.0
54875757539,36,596,223,29,87,0,1,1.0
54875807540,36,595,223,38,87,0,1,1.0
54875857545,36,596,224,37,87,0,1,1.0
54875907542,36,597,223,40,89,0,1,1.0
54875957559,36,603,223,37,90,0,1,1.0
54876007493,36,613,223,27,91,0,1,1.0
54876057538,36,618,223,22,82,0,1,1.0
54876107519,36,619,218,21,90,0,1,1.0
54873807555,37,473,213,19,34,0,1,1.0
54873857560,37,471,213,20,33,0,1,1.0
54873907553,37,470,212,20,33,0,1,1.0
54873957550,37,468,211,21,34,0,1,1.0
54874007496,37,467,210,20,34,0,1,1.0
54874407534,37,444,208,20,34,0,1,1.0
54874457551,37,442,207,20,35,0,1,1.0
54874507544,37,441,207,18,36,0,1,1.0
54874807544,37,420,207,18,36,0,1,1.0
54874857549,37,415,208,22,35,0,1,1.0
54874907562,37,411,207,23,36,0,1,1.0
54874957555,37,410,207,22,36,0,1,1.0
54875007493,37,407,207,22,36,0,1,1.0
54875057518,37,405,207,19,36,0,1,1.0
54875307544,37,383,202,18,41,0,1,1.0
54875357537,37,379,203,19,39,0,1,1.0
54875407534,37,374,203,22,39,0,1,1.0
54875457551,37,370,202,22,41,0,1,1.0
54875507541,37,367,202,21,41,0,1,1.0
54875557538,37,364,201,18,41,0,1,1.0
54875607535,37,361,201,15,42,0,1,1.0
54875757539,37,346,200,15,43,0,1,1.0
54875807540,37,339,200,19,43,0,1,1.0
54875857545,37,331,200,24,42,0,1,1.0
54875907542,37,327,200,25,42,0,1,1.0
54875957559,37,323,201,26,42,0,1,1.0
54876007493,37,318,201,27,43,0,1,1.0
54876057538,37,315,200,23,44,0,1,1.0
54876107519,37,313,199,17,45,0,1,1.0
54876157532,37,309,199,15,45,0,1,1.0
54876307540,37,291,199,18,45,0,1,1.0
54876357529,37,283,199,22,46,0,1,1.0
54876407543,37,276,200,26,45,0,1,1.0
54876457536,37,271,200,27,46,0,1,1.0
54876507533,37,267,201,27,45,0,1,1.0
54876557550,37,263,202,25,45,0,1,1.0
54876607544,37,261,200,20,46,0,1,1.0
54876657553,37,257,200,15,46,0,1,1.0
54876707546,37,250,200,16,46,0,1,1.0
54876757547,37,244,201,15,45,0,1,1.0
54876807537,37,237,199,18,48,0,1,1.0
54876857554,37,228,199,23,48,0,1,1.0
54876907551,37,222,201,25,46,0,1,1.0
54876957560,37,217,202,25,45,0,1,1.0
54877007494,37,211,203,26,47,0,1,1.0
54877057523,37,205,201,24,49,0,1,1.0
54877107528,37,194,200,25,52,0,1,1.0
54877157541,37,189,201,19,47,0,1,1.0
54877207530,37,180,200,19,54,0,1,1.0
54877257528,37,174,200,17,57,0,1,1.0
54877307545,37,164,201,19,51,0,1,1.0
54877357538,37,150,202,26,51,0,1,1.0
54877407531,37,139,202,27,52,0,1,1.0
54877457528,37,130,204,30,51,0,1,1.0
54877507542,37,122,202,29,55,0,1,1.0
54877557535,37,114,201,28,56,0,1,1.0
54877607552,37,107,202,25,55,0,1,1.0
54877657549,37,97,201,21,56,0,1,1.0
54877707542,37,87,202,18,56,0,1,1.0
54877757540,37,76,203,18,56,0,1,1.0
54877807553,37,59,202,26,57,0,1,1.0
54877857542,37,41,201,34,59,0,1,1.0
54877907539,37,25,201,40,59,0,1,1.0
54877957556,37,10,202,44,59,0,1,1.0
54878007494,37,0,200,40,61,0,1,1.0
54878057543,37,0,204,25,57,0,1,1.0
54875757539,38,489,210,18,35,0,1,1.0
54875807540,38,485,210,18,35,0,1,1.0
54875857545,38,483,210,18,35,0,1,1.0
54875907542,38,480,210,18,35,0,1,1.0
54875957559,38,477,210,18,35,0,1,1.0
54876857554,38,412,209,17,38,0,1,1.0
54876907551,38,406,209,20,38,0,1,1.0
54876957560,38,403,210,19,37,0,1,1.0
54877007494,38,399,209,19,38,0,1,1.0
54877057523,38,396,209,17,38,0,1,1.0
54877357538,38,367,210,15,43,0,1,1.0
54877407531,38,361,210,16,42,0,1,1.0
54877457528,38,354,210,18,43,0,1,1.0
54877507542,38,349,212,19,43,0,1,1.0
54877557535,38,344,212,18,43,0,1,1.0
54877607552,38,338,212,20,44,0,1,1.0
54877657549,38,333,209,17,47,0,1,1.0
54877707542,38,326,212,17,45,0,1,1.0
54877757540,38,319,209,17,47,0,1,1.0
54877807553,38,311,209,17,47,0,1,1.0
54877857542,38,303,212,18,45,0,1,1.0
54877907539,38,294,211,19,46,0,1,1.0
54877957556,38,283,211,22,46,0,1,1.0
54878007494,38,275,209,23,48,0,1,1.0
54878057543,38,266,210,23,48,0,1,1.0
54878107520,38,258,210,24,49,0,1,1.0
54878157533,38,250,208,24,51,0,1,1.0
54878207527,38,242,209,21,49,0,1,1.0
54878257524,38,231,208,22,51,0,1,1.0
54878307541,38,221,208,21,51,0,1,1.0
54878357530,38,206,207,26,53,0,1,1.0
54878407548,38,195,206,27,54,0,1,1.0
54878457541,38,186,208,24,52,0,1,1.0
54878507538,38,176,206,23,54,0,1,1.0
54878557531,38,163,206,24,54,0,1,1.0
54878607549,38,149,206,27,56,0,1,1.0
54878657538,38,137,203,28,59,0,1,1.0
54878707555,38,125,205,28,58,0,1,1.0
54878757552,38,108,206,32,58,0,1,1.0
54878807554,38,92,205,32,60,0,1,1.0
54878857559,38,80,206,33,61,0,1,1.0
54878907556,38,59,205,35,65,0,1,1.0
54878957545,38,52,206,31,65,0,1,1.0
54879007491,38,39,206,26,63,0,1,1.0
54879057520,38,17,205,33,66,0,1,1.0
54879107525,38,0,200,34,73,0,1,1.0
54879157538,38,0,206,19,67,0,1,1.0
54877757540,39,628,219,13,60,0,1,1.0
54877807553,39,621,218,20,61,0,1,1.0
54877857542,39,615,218,24,60,0,1,1.0
54877907539,39,608,216,24,63,0,1,1.0
54877957556,39,600,216,24,63,0,1,1.0
54878007494,39,594,216,24,63,0,1,1.0
54878057543,39,582,217,30,61,0,1,1.0
54878107520,39,573,217,34,62,0,1,1.0
54878157533,39,565,217,36,61,0,1,1.0
54878207527,39,559,217,36,63,0,1,1.0
54878257524,39,554,217,33,64,0,1,1.0
54878307541,39,548,217,28,63,0,1,1.0
54878357530,39,543,216,22,63,0,1,1.0
54878407548,39,535,214,20,66,0,1,1.0
54878457541,39,526,215,24,65,0,1,1.0
54878507538,39,517,213,25,67,0,1,1.0
54878557531,39,502,209,32,72,0,1,1.0
54878607549,39,490,211,37,70,0,1,1.0
54878657538,39,479,213,42,69,0,1,1.0
54878707555,39,474,212,40,70,0,1,1.0
54878757552,39,468,214,39,70,0,1,1.0
54878807554,39,460,213,38,72,0,1,1.0
54878857559,39,455,214,32,71,0,1,1.0
54878907556,39,447,212,26,74,0,1,1.0
54878957545,39,439,212,22,75,0,1,1.0
54879007491,39,428,213,23,76,0,1,1.0
54879057520,39,416,212,26,77,0,1,1.0
54879107525,39,398,212,37,79,0,1,1.0
54879157538,39,386,213,43,79,0,1,1.0
54879207531,39,376,213,46,81,0,1,1.0
54879257521,39,368,216,46,80,0,1,1.0
54879307542,39,360,219,43,77,0,1,1.0
54879357535,39,352,211,38,87,0,1,1.0
54879407532,39,344,211,31,87,0,1,1.0
54879457525,39,332,213,29,87,0,1,1.0
54879507547,39,319,216,27,85,0,1,1.0
54879557536,39,306,214,30,90,0,1,1.0
54879607529,39,282,212,46,94,0,1,1.0
54879657550,39,265,210,55,98,0,1,1.0
54879707547,39,252,210,59,100,0,1,1.0
54879757541,39,239,210,63,103,0,1,1.0
54879807542,39,228,210,62,106,0,1,1.0
54879857539,39,216,210,57,109,0,1,1.0
54879907536,39,205,207,48,115,0,1,1.0
54879957553,39,193,205,38,120,0,1,1.0
54880007491,39,176,204,38,124,0,1,1.0
54880057516,39,157,205,41,128,0,1,1.0
54880107517,39,126,205,54,131,0,1,1.0
54880157534,39,97,204,66,137,0,1,1.0
54880207528,39,72,204,75,140,0,1,1.0
54880257525,39,47,203,84,146,0,1,1.0
54880307522,39,21,203,91,152,0,1,1.0
54880357539,39,-0,200,83,161,0,1,1.0
54876557550,40,620,212,16,39,0,1,1.0
54876607544,40,618,212,16,39,0,1,1.0
54876657553,40,617,212,16,39,0,1,1.0
54876707546,40,616,213,16,39,0,1,1.0
54876757547,40,615,213,16,39,0,1,1.0
54876807537,40,614,213,16,39,0,1,1.0
54876857554,40,612,214,17,39,0,1,1.0
54876907551,40,610,214,17,39,0,1,1.0
54876957560,40,607,214,18,39,0,1,1.0
54877007494,40,605,214,18,39,0,1,1.0
54877057523,40,602,214,18,39,0,1,1.0
54877107528,40,599,214,18,39,0,1,1.0
54877157541,40,597,214,18,39,0,1,1.0
54877207530,40,594,215,18,39,0,1,1.0
54877257528,40,592,216,18,39,0,1,1.0
54877307545,40,589,215,18,40,0,1,1.0
54877357538,40,585,215,19,41,0,1,1.0
54877407531,40,583,215,19,41,0,1,1.0
54877457528,40,580,215,19,41,0,1,1.0
54877507542,40,576,215,19,41,0,1,1.0
54877557535,40,573,215,19,41,0,1,1.0
54877607552,40,569,215,19,41,0,1,1.0
54877657549,40,565,216,19,41,0,1,1.0
54877707542,40,562,216,18,41,0,1,1.0
54877757540,40,558,216,18,41,0,1,1.0
54877807553,40,552,216,18,41,0,1,1.0
54877857542,40,549,215,16,41,0,1,1.0
54877907539,40,544,215,16,41,0,1,1.0
54877957556,40,540,214,16,41,0,1,1.0
54878007494,40,535,214,16,41,0,1,1.0
54878057543,40,530,214,16,41,0,1,1.0
54878107520,40,525,214,16,41,0,1,1.0
54878157533,40,520,213,16,41,0,1,1.0
54878207527,40,514,213,16,41,0,1,1.0
54878257524,40,508,213,16,41,0,1,1.0
54878307541,40,502,213,16,41,0,1,1.0
54878357530,40,496,213,16,41,0,1,1.0
54878407548,40,491,213,16,41,0,1,1.0
54878457541,40,484,213,16,41,0,1,1.0
54878507538,40,478,213,16,41,0,1,1.0
54878557531,40,472,213,16,41,0,1,1.0
54878607549,40,466,213,16,41,0,1,1.0
54878657538,40,460,213,16,41,0,1,1.0
54878707555,40,455,213,16,41,0,1,1.0
54878757552,40,450,213,16,41,0,1,1.0
54879457525,40,356,209,23,53,0,1,1.0
54879507547,40,349,209,23,53,0,1,1.0
54879557536,40,344,208,23,53,0,1,1.0
54879607529,40,336,207,23,56,0,1,1.0
54879657550,40,329,208,23,56,0,1,1.0
54879707547,40,321,208,26,56,0,1,1.0
54879757541,40,314,208,26,55,0,1,1.0
54879807542,40,308,208,26,57,0,1,1.0
54879857539,40,300,207,26,57,0,1,1.0
54879907536,40,294,207,26,57,0,1,1.0
54879957553,40,286,206,26,59,0,1,1.0
54880007491,40,278,206,26,59,0,1,1.0
54880057516,40,271,207,24,59,0,1,1.0
54880107517,40,265,207,24,58,0,1,1.0
54880157534,40,257,206,21,58,0,1,1.0
54880207528,40,250,206,21,57,0,1,1.0
54880257525,40,241,205,23,59,0,1,1.0
54880307522,40,234,204,22,60,0,1,1.0
54880357539,40,225,205,23,60,0,1,1.0
54880407525,40,217,203,23,63,0,1,1.0
54880457542,40,208,203,23,65,0,1,1.0
54880507535,40,200,202,22,66,0,1,1.0
54880557528,40,189,201,24,68,0,1,1.0
54880607546,40,177,201,26,68,0,1,1.0
54880657539,40,167,202,26,69,0,1,1.0
54880707548,40,157,202,25,70,0,1,1.0
54880757541,40,146,202,25,71,0,1,1.0
54880807551,40,134,202,25,73,0,1,1.0
54880857548,40,121,201,28,76,0,1,1.0
54880907545,40,108,199,28,79,0,1,1.0
54880957558,40,95,197,29,82,0,1,1.0
54881007492,40,80,197,31,85,0,1,1.0
54881057541,40,66,195,32,90,0,1,1.0
54881107522,40,48,195,37,92,0,1,1.0
54881157531,40,34,191,35,98,0,1,1.0
54881207528,40,17,192,36,97,0,1,1.0
54881257538,40,0,192,35,100,0,1,1.0
54881307535,40,0,204,19,91,0,1,1.0
54880607546,41,320,200,15,55,0,1,1.0
54880657539,41,312,201,16,55,0,1,1.0
54880707548,41,305,201,16,56,0,1,1.0
54880757541,41,297,200,17,57,0,1,1.0
54880807551,41,289,201,18,56,0,1,1.0
54880857548,41,282,200,17,58,0,1,1.0
54880907545,41,275,199,17,60,0,1,1.0
54880957558,41,267,197,18,61,0,1,1.0
54881007492,41,259,197,18,62,0,1,1.0
54881057541,41,251,197,19,63,0,1,1.0
54881107522,41,242,198,20,63,0,1,1.0
54881157531,41,235,199,21,65,0,1,1.0
54881207528,41,225,197,22,66,0,1,1.0
54881257538,41,216,197,23,66,0,1,1.0
54881307535,41,208,198,24,66,0,1,1.0
54881357528,41,199,197,27,67,0,1,1.0
54881407541,41,190,196,27,69,0,1,1.0
54881457538,41,180,195,28,70,0,1,1.0
54881507532,41,171,195,28,71,0,1,1.0
54881557545,41,161,195,29,72,0,1,1.0
54881607538,41,152,194,29,74,0,1,1.0
54881657535,41,142,195,30,74,0,1,1.0
54881707552,41,133,194,29,77,0,1,1.0
54881757550,41,123,193,30,79,0,1,1.0
54881807547,41,114,191,29,83,0,1,1.0
54881857552,41,103,191,29,84,0,1,1.0
54881907545,41,92,191,29,86,0,1,1.0
54881957542,41,80,191,32,88,0,1,1.0
54882007492,41,68,190,32,91,0,1,1.0
54882057521,41,57,190,33,93,0,1,1.0
54882107522,41,43,190,34,95,0,1,1.0
54882157531,41,29,189,36,97,0,1,1.0
54882207529,41,16,188,35,99,0,1,1.0
54882257522,41,2,187,36,103,0,1,1.0
54882307539,41,0,187,27,105,0,1,1.0
54881057541,42,614,209,24,75,0,1,1.0
54881107522,42,611,209,25,76,0,1,1.0
54881157531,42,606,208,29,77,0,1,1.0
54881207528,42,605,208,28,77,0,1,1.0
54881257538,42,605,207,26,80,0,1,1.0
54881307535,42,603,213,27,74,0,1,1.0
54881357528,42,602,214,28,76,0,1,1.0
54881407541,42,600,212,30,79,0,1,1.0
54881457538,42,597,211,32,81,0,1,1.0
54881507532,42,595,208,33,84,0,1,1.0
54881557545,42,597,205,31,89,0,1,1.0
54881607538,42,597,204,31,92,0,1,1.0
54881657535,42,597,203,31,95,0,1,1.0
54881707552,42,597,204,32,95,0,1,1.0
54881757550,42,596,204,36,97,0,1,1.0
54881807547,42,595,202,38,102,0,1,1.0
54881857552,42,593,201,40,104,0,1,1.0
54881907545,42,597,202,38,107,0,1,1.0
54881957542,42,601,201,38,110,0,1,1.0
54882007492,42,603,201,37,114,0,1,1.0
54882057521,42,607,200,33,118,0,1,1.0
54882107522,42,610,199,30,121,0,1,1.0
54882157531,42,615,198,25,126,0,1,1.0
54882207529,42,619,200,21,130,0,1,1.0
54882257522,42,624,207,16,128,0,1,1.0
54881657535,43,567,203,21,64,0,1,1.0
54881707552,43,563,203,22,65,0,1,1.0
54881757550,43,560,203,22,66,0,1,1.0
54881807547,43,558,201,22,68,0,1,1.0
54881857552,43,556,201,22,69,0,1,1.0
54881907545,43,554,202,22,69,0,1,1.0
54881957542,43,554,201,21,71,0,1,1.0
54882007492,43,553,201,21,72,0,1,1.0
54882057521,43,551,201,23,73,0,1,1.0
54882107522,43,549,201,25,74,0,1,1.0
54882157531,43,549,200,26,76,0,1,1.0
54882207529,43,551,201,24,78,0,1,1.0
54882257522,43,551,201,25,79,0,1,1.0
54882307539,43,552,200,24,82,0,1,1.0
54882357536,43,552,199,26,85,0,1,1.0
54882407546,43,554,198,26,88,0,1,1.0
54882457539,43,555,198,27,88,0,1,1.0
54882507532,43,556,197,27,90,0,1,1.0
54882557529,43,558,196,28,93,0,1,1.0
54882607547,43,560,195,28,95,0,1,1.0
54882657540,43,564,192,29,98,0,1,1.0
54882707553,43,567,192,30,100,0,1,1.0
54882757550,43,571,191,32,103,0,1,1.0
54882807540,43,575,190,34,107,0,1,1.0
54882857537,43,579,189,37,109,0,1,1.0
54882907554,43,586,188,38,113,0,1,1.0
54882957547,43,592,188,43,115,0,1,1.0
54883007489,43,600,186,40,119,0,1,1.0
54883057518,43,607,186,33,122,0,1,1.0
54883107523,43,614,187,26,124,0,1,1.0
54882407546,44,521,212,22,66,0,1,1.0
54882457539,44,521,212,22,67,0,1,1.0
54882507532,44,521,210,22,70,0,1,1.0
54882557529,44,521,211,23,70,0,1,1.0
54882607547,44,522,209,23,73,0,1,1.0
54882657540,44,523,209,23,73,0,1,1.0
54882707553,44,525,208,22,75,0,1,1.0
54882757550,44,527,213,24,71,0,1,1.0
54882807540,44,527,208,27,78,0,1,1.0
54882857537,44,530,208,27,80,0,1,1.0
54882907554,44,536,211,25,79,0,1,1.0
54882957547,44,539,209,27,83,0,1,1.0
54883007489,44,542,207,29,87,0,1,1.0
54883057518,44,546,206,30,90,0,1,1.0
54883107523,44,550,205,31,93,0,1,1.0
54883157536,44,555,205,34,97,0,1,1.0
54883207529,44,561,206,37,98,0,1,1.0
54883257523,44,569,203,38,104,0,1,1.0
54883307536,44,577,203,39,108,0,1,1.0
54883357533,44,585,203,40,111,0,1,1.0
54883407522,44,593,208,42,109,0,1,1.0
54883457543,44,602,201,38,120,0,1,1.0
54883507537,44,613,208,27,117,0,1,1.0
54880907545,45,361,207,19,42,0,1,1.0
54880957558,45,355,206,18,43,0,1,1.0
54881007492,45,349,206,18,43,0,1,1.0
54881057541,45,343,208,17,43,0,1,1.0
54881107522,45,338,206,16,43,0,1,1.0
54881157531,45,331,205,16,43,0,1,1.0
54881207528,45,325,204,16,46,0,1,1.0
54881257538,45,318,204,16,46,0,1,1.0
54881307535,45,312,204,16,47,0,1,1.0
54881357528,45,305,203,16,49,0,1,1.0
54881407541,45,299,205,17,46,0,1,1.0
54881457538,45,293,203,17,48,0,1,1.0
54881507532,45,286,202,17,49,0,1,1.0
54881557545,45,280,203,17,48,0,1,1.0
54881607538,45,273,201,17,50,0,1,1.0
54881657535,45,267,202,17,50,0,1,1.0
54881707552,45,260,201,18,53,0,1,1.0
54881757550,45,252,202,19,52,0,1,1.0
54881807547,45,244,202,20,52,0,1,1.0
54881857552,45,237,201,20,54,0,1,1.0
54881907545,45,230,201,20,55,0,1,1.0
54881957542,45,224,202,20,53,0,1,1.0
54882007492,45,217,203,21,53,0,1,1.0
54882057521,45,211,203,21,54,0,1,1.0
54882107522,45,204,202,22,57,0,1,1.0
54882157531,45,197,201,22,58,0,1,1.0
54882207529,45,191,201,22,59,0,1,1.0
54882257522,45,185,201,22,59,0,1,1.0
54882307539,45,180,200,21,62,0,1,1.0
54882357536,45,175,199,21,62,0,1,1.0
54882407546,45,168,200,22,62,0,1,1.0
54882457539,45,162,199,22,63,0,1,1.0
54882507532,45,154,199,24,64,0,1,1.0
54882557529,45,147,199,25,65,0,1,1.0
54882607547,45,141,197,25,67,0,1,1.0
54882657540,45,136,197,25,67,0,1,1.0
54882707553,45,129,196,26,68,0,1,1.0
54882757550,45,125,194,24,71,0,1,1.0
54882807540,45,118,195,26,72,0,1,1.0
54882857537,45,112,195,26,74,0,1,1.0
54882907554,45,103,195,30,76,0,1,1.0
54882957547,45,98,195,30,76,0,1,1.0
54883007489,45,91,197,32,76,0,1,1.0
54883057518,45,83,197,33,77,0,1,1.0
54883107523,45,76,195,35,81,0,1,1.0
54883157536,45,72,195,32,81,0,1,1.0
54883207529,45,65,194,33,82,0,1,1.0
54883257523,45,60,194,32,83,0,1,1.0
54883307536,45,53,192,32,88,0,1,1.0
54883357533,45,46,192,32,90,0,1,1.0
54883407522,45,38,192,32,92,0,1,1.0
54883457543,45,30,190,31,97,0,1,1.0
54883507537,45,21,190,32,99,0,1,1.0
54883557526,45,11,190,37,101,0,1,1.0
54883607543,45,1,189,41,105,0,1,1.0
54883657540,45,0,189,32,105,0,1,1.0
54883707533,45,0,190,20,104,0,1,1.0
54882757550,46,500,210,21,60,0,1,1.0
54882807540,46,502,207,20,64,0,1,1.0
54882857537,46,502,207,22,65,0,1,1.0
54882907554,46,503,206,23,68,0,1,1.0
54882957547,46,506,206,23,69,0,1,1.0
54883007489,46,507,206,25,70,0,1,1.0
54883057518,46,510,204,24,74,0,1,1.0
54883107523,46,512,205,26,73,0,1,1.0
54883157536,46,514,205,27,74,0,1,1.0
54883207529,46,517,202,29,79,0,1,1.0
54883257523,46,521,201,30,82,0,1,1.0
54883307536,46,524,202,32,83,0,1,1.0
54883357533,46,528,201,33,85,0,1,1.0
54883407522,46,532,199,34,91,0,1,1.0
54883457543,46,536,200,36,91,0,1,1.0
54883507537,46,540,198,39,97,0,1,1.0
54883557526,46,546,198,39,99,0,1,1.0
54883607543,46,552,200,40,99,0,1,1.0
54883657540,46,558,199,43,101,0,1,1.0
54883707533,46,565,195,45,109,0,1,1.0
54883757551,46,572,191,48,117,0,1,1.0
54883807536,46,584,189,48,122,0,1,1.0
54883857553,46,594,189,46,126,0,1,1.0
54883907546,46,605,187,35,132,0,1,1.0
54883957539,46,616,196,24,126,0,1,1.0
54882407546,47,258,209,16,40,0,1,1.0
54882457539,47,252,209,16,40,0,1,1.0
54882607547,47,237,208,17,40,0,1,1.0
54882657540,47,233,207,17,40,0,1,1.0
54882707553,47,228,206,18,41,0,1,1.0
54882757550,47,223,206,18,41,0,1,1.0
54882807540,47,219,206,18,42,0,1,1.0
54882857537,47,215,207,18,42,0,1,1.0
54882907554,47,211,207,18,42,0,1,1.0
54882957547,47,209,206,17,43,0,1,1.0
54883007489,47,205,206,17,45,0,1,1.0
54883057518,47,200,207,19,44,0,1,1.0
54883107523,47,197,207,18,44,0,1,1.0
54883157536,47,193,207,18,44,0,1,1.0
54883207529,47,188,206,17,45,0,1,1.0
54883257523,47,183,205,19,48,0,1,1.0
54883307536,47,181,205,18,48,0,1,1.0
54883357533,47,177,204,18,50,0,1,1.0
54883407522,47,172,204,19,51,0,1,1.0
54883457543,47,168,204,19,51,0,1,1.0
54883507537,47,165,205,17,51,0,1,1.0
54883557526,47,159,204,19,53,0,1,1.0
54883607543,47,155,205,18,52,0,1,1.0
54883657540,47,150,205,20,53,0,1,1.0
54883707533,47,146,205,20,54,0,1,1.0
54883757551,47,141,204,20,55,0,1,1.0
54883807536,47,135,204,22,56,0,1,1.0
54883857553,47,129,204,23,57,0,1,1.0
54883907546,47,122,204,26,58,0,1,1.0
54883957539,47,117,204,26,59,0,1,1.0
54884007489,47,110,203,28,60,0,1,1.0
54884057514,47,105,203,28,61,0,1,1.0
54884107523,47,101,203,28,63,0,1,1.0
54884157528,47,96,203,28,64,0,1,1.0
54884207526,47,90,201,27,66,0,1,1.0
54884257519,47,82,200,29,69,0,1,1.0
54884307536,47,76,198,29,71,0,1,1.0
54884357533,47,69,198,26,72,0,1,1.0
54884407527,47,63,197,24,74,0,1,1.0
54884457540,47,56,197,22,75,0,1,1.0
54884507533,47,48,196,22,78,0,1,1.0
54884557526,47,40,197,24,78,0,1,1.0
54884607548,47,31,198,27,79,0,1,1.0
54884657541,47,22,197,29,82,0,1,1.0
54884707534,47,13,196,28,85,0,1,1.0
54884757547,47,4,195,28,88,0,1,1.0
54884807533,47,0,196,23,87,0,1,1.0
54884857534,47,0,194,16,88,0,1,1.0
54883007489,48,492,210,14,53,0,1,1.0
54883057518,48,494,209,14,55,0,1,1.0
54883107523,48,496,207,14,58,0,1,1.0
54883157536,48,498,208,14,58,0,1,1.0
54883207529,48,500,210,16,56,0,1,1.0
54883257523,48,503,210,17,56,0,1,1.0
54883307536,48,506,208,17,60,0,1,1.0
54883357533,48,508,208,18,62,0,1,1.0
54883407522,48,509,208,21,63,0,1,1.0
54883457543,48,513,207,20,65,0,1,1.0
54883507537,48,516,207,20,67,0,1,1.0
54883557526,48,518,206,22,69,0,1,1.0
54883607543,48,522,207,22,69,0,1,1.0
54883657540,48,524,205,25,73,0,1,1.0
54883707533,48,529,205,25,74,0,1,1.0
54883757551,48,533,204,26,76,0,1,1.0
54883807536,48,538,204,26,78,0,1,1.0
54883857553,48,543,203,28,81,0,1,1.0
54883907546,48,549,202,28,84,0,1,1.0
54883957539,48,556,203,29,85,0,1,1.0
54884007489,48,561,202,32,88,0,1,1.0
54884057514,48,569,202,32,91,0,1,1.0
54884107523,48,576,202,33,94,0,1,1.0
54884157528,48,584,201,34,98,0,1,1.0
54884207526,48,593,201,37,100,0,1,1.0
54884257519,48,603,198,37,106,0,1,1.0
54884307536,48,613,198,27,109,0,1,1.0
54884357533,48,623,198,17,113,0,1,1.0
54883157536,49,466,211,19,43,0,1,1.0
54883207529,49,467,211,19,43,0,1,1.0
54883257523,49,469,211,19,43,0,1,1.0
54883307536,49,470,211,19,43,0,1,1.0
54883357533,49,472,210,19,45,0,1,1.0
54883407522,49,472,211,19,44,0,1,1.0
54883457543,49,473,210,20,47,0,1,1.0
54883507537,49,474,210,20,48,0,1,1.0
54883557526,49,475,211,20,48,0,1,1.0
54883607543,49,476,211,20,48,0,1,1.0
54883657540,49,478,210,20,48,0,1,1.0
54883707533,49,482,211,18,48,0,1,1.0
54883757551,49,480,210,21,49,0,1,1.0
54883807536,49,481,210,21,50,0,1,1.0
54883857553,49,485,210,22,50,0,1,1.0
54883907546,49,487,210,21,51,0,1,1.0
54883957539,49,489,211,23,52,0,1,1.0
54884007489,49,491,210,23,53,0,1,1.0
54884057514,49,493,210,25,54,0,1,1.0
54884107523,49,495,210,27,56,0,1,1.0
54884157528,49,500,209,25,58,0,1,1.0
54884207526,49,503,209,26,59,0,1,1.0
54884257519,49,507,208,26,59,0,1,1.0
54884307536,49,511,208,27,61,0,1,1.0
54884357533,49,515,207,26,62,0,1,1.0
54884407527,49,517,207,29,63,0,1,1.0
54884457540,49,521,206,30,66,0,1,1.0
54884507533,49,525,205,31,68,0,1,1.0
54884557526,49,531,204,31,71,0,1,1.0
54884607548,49,536,205,32,72,0,1,1.0
54884657541,49,542,206,33,73,0,1,1.0
54884707534,49,547,205,35,75,0,1,1.0
54884757547,49,555,205,35,77,0,1,1.0
54884807533,49,561,204,37,80,0,1,1.0
54884857534,49,569,204,37,82,0,1,1.0
54884907555,49,576,204,40,85,0,1,1.0
54884957548,49,584,203,43,88,0,1,1.0
54885007490,49,593,203,44,90,0,1,1.0
54885057539,49,601,202,39,94,0,1,1.0
54885107520,49,613,201,27,98,0,1,1.0
54883657540,50,445,206,19,45,0,1,1.0
54883707533,50,446,205,19,47,0,1,1.0
54883757551,50,447,204,18,48,0,1,1.0
54883807536,50,448,203,19,49,0,1,1.0
54883857553,50,449,203,19,50,0,1,1.0
54883907546,50,450,203,20,51,0,1,1.0
54883957539,50,451,203,20,51,0,1,1.0
54884007489,50,453,203,20,52,0,1,1.0
54884057514,50,454,203,21,52,0,1,1.0
54884107523,50,456,203,20,53,0,1,1.0
54884157528,50,457,203,21,54,0,1,1.0
54884207526,50,459,203,21,54,0,1,1.0
54884257519,50,460,202,23,56,0,1,1.0
54884307536,50,462,202,23,57,0,1,1.0
54884357533,50,464,201,23,58,0,1,1.0
54884407527,50,466,201,24,59,0,1,1.0
54884457540,50,468,199,24,61,0,1,1.0
54884507533,50,471,199,24,62,0,1,1.0
54884557526,50,473,198,26,64,0,1,1.0
54884607548,50,476,198,27,65,0,1,1.0
54884657541,50,480,199,26,65,0,1,1.0
54884707534,50,483,202,27,64,0,1,1.0
54884757547,50,486,198,28,69,0,1,1.0
54884807533,50,488,197,30,71,0,1,1.0
54884857534,50,492,196,30,73,0,1,1.0
54884907555,50,496,196,32,75,0,1,1.0
54884957548,50,501,194,31,78,0,1,1.0
54885007490,50,505,194,32,79,0,1,1.0
54885057539,50,509,192,33,82,0,1,1.0
54885107520,50,513,192,35,84,0,1,1.0
54885157533,50,518,186,36,92,0,1,1.0
54885207530,50,524,190,37,89,0,1,1.0
54885257524,50,529,191,38,91,0,1,1.0
54885307537,50,536,190,39,94,0,1,1.0
54885357530,50,543,188,40,98,0,1,1.0
54885407527,50,548,187,43,102,0,1,1.0
54885457544,50,556,186,44,106,0,1,1.0
54885507538,50,563,188,47,107,0,1,1.0
54885557535,50,572,184,49,113,0,1,1.0
54885607544,50,580,184,52,117,0,1,1.0
54885657537,50,590,184,50,119,0,1,1.0
54885707534,50,600,182,40,122,0,1,1.0
54885757552,50,613,180,27,127,0,1,1.0
54884057514,51,157,209,17,43,0,1,1.0
54884107523,51,155,209,17,43,0,1,1.0
54884157528,51,151,210,19,43,0,1,1.0
54884207526,51,147,209,19,45,0,1,1.0
54884257519,51,145,207,19,47,0,1,1.0
54884307536,51,142,207,19,47,0,1,1.0
54884357533,51,139,207,19,47,0,1,1.0
54884407527,51,135,207,19,47,0,1,1.0
54884457540,51,132,206,18,46,0,1,1.0
54884507533,51,129,204,17,48,0,1,1.0
54884557526,51,126,206,15,47,0,1,1.0
54884607548,51,123,206,15,47,0,1,1.0
54884657541,51,119,205,18,50,0,1,1.0
54884707534,51,116,205,18,50,0,1,1.0
54884757547,51,113,206,17,49,0,1,1.0
54884807533,51,109,205,17,51,0,1,1.0
54884857534,51,105,205,17,51,0,1,1.0
54884907555,51,101,205,18,52,0,1,1.0
54884957548,51,97,205,16,53,0,1,1.0
54885007490,51,93,204,16,54,0,1,1.0
54885057539,51,88,205,17,54,0,1,1.0
54885107520,51,83,204,18,55,0,1,1.0
54885157533,51,79,205,17,56,0,1,1.0
54885207530,51,74,205,18,56,0,1,1.0
54885257524,51,68,205,20,58,0,1,1.0
54885307537,51,63,205,22,59,0,1,1.0
54885357530,51,57,206,22,59,0,1,1.0
54885407527,51,52,204,23,62,0,1,1.0
54885457544,51,46,205,26,61,0,1,1.0
54885507538,51,40,205,25,63,0,1,1.0
54885557535,51,33,205,25,65,0,1,1.0
54885607544,51,26,204,28,67,0,1,1.0
54885657537,51,18,204,36,67,0,1,1.0
54885707534,51,10,204,38,68,0,1,1.0
54885807541,51,0,205,19,71,0,1,1.0
54884657541,52,222,209,17,37,0,1,1.0
54884707534,52,221,209,17,37,0,1,1.0
54884757547,52,220,209,17,38,0,1,1.0
54884807533,52,219,209,17,38,0,1,1.0
54884857534,52,218,209,17,38,0,1,1.0
54884907555,52,215,209,17,38,0,1,1.0
54884957548,52,216,209,17,38,0,1,1.0
54885007490,52,212,209,19,38,0,1,1.0
54885057539,52,212,209,19,38,0,1,1.0
54885107520,52,210,208,19,40,0,1,1.0
54885157533,52,209,208,19,41,0,1,1.0
54885207530,52,208,208,19,41,0,1,1.0
54885257524,52,206,207,19,43,0,1,1.0
54885307537,52,205,207,19,43,0,1,1.0
54885357530,52,203,207,19,43,0,1,1.0
54885407527,52,201,208,19,44,0,1,1.0
54885457544,52,199,208,19,44,0,1,1.0
54885507538,52,198,208,19,44,0,1,1.0
54885557535,52,196,209,19,44,0,1,1.0
54885607544,52,195,209,19,44,0,1,1.0
54885657537,52,193,209,19,44,0,1,1.0
54885707534,52,191,209,19,44,0,1,1.0
54885757552,52,189,209,19,44,0,1,1.0
54885807541,52,187,209,19,45,0,1,1.0
54885857542,52,185,208,20,45,0,1,1.0
54885907555,52,183,207,19,46,0,1,1.0
54885957552,52,180,206,21,48,0,1,1.0
54886007490,52,178,205,21,49,0,1,1.0
54886057515,52,177,204,20,50,0,1,1.0
54886107520,52,174,205,21,49,0,1,1.0
54886157525,52,171,205,22,49,0,1,1.0
54886207523,52,169,206,22,48,0,1,1.0
54886257520,52,166,205,23,50,0,1,1.0
54886307537,52,164,205,22,51,0,1,1.0
54886357530,52,161,206,23,52,0,1,1.0
54886407528,52,158,206,23,53,0,1,1.0
54886457541,52,156,206,22,54,0,1,1.0
54886507534,52,153,206,22,55,0,1,1.0
54886557531,52,149,206,23,55,0,1,1.0
54886607549,52,146,205,23,57,0,1,1.0
54886657546,52,143,205,24,57,0,1,1.0
54886707539,52,138,205,25,57,0,1,1.0
54886757552,52,134,205,26,58,0,1,1.0
54886807546,52,129,205,28,58,0,1,1.0
54886857543,52,125,205,28,59,0,1,1.0
54886907540,52,122,205,28,60,0,1,1.0
54886957557,52,118,205,28,61,0,1,1.0
54887007487,52,114,205,28,62,0,1,1.0
54887057516,52,111,204,28,63,0,1,1.0
54887107521,52,107,203,28,65,0,1,1.0
54887157534,52,102,202,28,67,0,1,1.0
54887207531,52,96,203,31,68,0,1,1.0
54887257525,52,91,202,31,69,0,1,1.0
54887307546,52,86,203,32,70,0,1,1.0
54887357535,52,81,204,33,70,0,1,1.0
54887407528,52,76,204,33,72,0,1,1.0
54887457525,52,70,204,34,73,0,1,1.0
54887507543,52,63,204,36,75,0,1,1.0
54887557540,52,53,203,39,76,0,1,1.0
54887607529,52,48,200,38,79,0,1,1.0
54887657526,52,42,201,38,80,0,1,1.0
54887707543,52,34,200,39,82,0,1,1.0
54887757537,52,25,199,42,84,0,1,1.0
54887807534,52,17,198,43,87,0,1,1.0
54887857531,52,9,199,43,88,0,1,1.0
54887907544,52,0,199,45,89,0,1,1.0
54887957541,52,0,197,38,92,0,1,1.0
54888007487,52,0,200,30,90,0,1,1.0
54888057512,52,0,197,22,94,0,1,1.0
54886207523,53,486,207,15,41,0,1,1.0
54886307537,53,491,205,18,44,0,1,1.0
54886357530,53,495,205,16,44,0,1,1.0
54886407528,53,499,205,15,45,0,1,1.0
54886457541,53,502,206,16,46,0,1,1.0
54886507534,53,505,206,17,47,0,1,1.0
54886557531,53,507,206,20,48,0,1,1.0
54886607549,53,510,207,20,47,0,1,1.0
54886657546,53,514,205,20,50,0,1,1.0
54886707539,53,518,205,20,50,0,1,1.0
54886757552,53,523,203,20,53,0,1,1.0
54886807546,53,528,202,20,54,0,1,1.0
54886857543,53,534,202,18,55,0,1,1.0
54886907540,53,539,201,18,57,0,1,1.0
54886957557,53,543,201,19,58,0,1,1.0
54887007487,53,549,204,18,57,0,1,1.0
54887057516,53,554,203,19,59,0,1,1.0
54887107521,53,560,204,19,59,0,1,1.0
54887157534,53,565,203,20,61,0,1,1.0
54887207531,53,572,203,19,61,0,1,1.0
54887257525,53,577,201,23,65,0,1,1.0
54887307546,53,582,200,26,69,0,1,1.0
54887357535,53,588,198,30,72,0,1,1.0
54887407528,53,599,197,26,74,0,1,1.0
54887457525,53,607,197,27,76,0,1,1.0
54887507543,53,615,198,25,76,0,1,1.0
54887557540,53,623,199,17,77,0,1,1.0
54887457525,54,542,208,16,39,0,1,1.0
54887507543,54,543,208,16,40,0,1,1.0
54887557540,54,545,208,16,40,0,1,1.0
54887607529,54,546,208,16,40,0,1,1.0
54887657526,54,548,207,16,40,0,1,1.0
54887757537,54,552,206,16,40,0,1,1.0
54887807534,54,553,207,18,40,0,1,1.0
54887857531,54,556,207,16,41,0,1,1.0
54887907544,54,557,207,18,42,0,1,1.0
54887957541,54,560,206,17,44,0,1,1.0
54888007487,54,564,207,16,43,0,1,1.0
54888057512,54,567,207,15,44,0,1,1.0
54888107517,54,570,207,15,44,0,1,1.0
54888157534,54,571,206,17,45,0,1,1.0
54888207524,54,574,206,16,46,0,1,1.0
54888257517,54,577,207,16,46,0,1,1.0
54888307538,54,577,206,21,48,0,1,1.0
54888357535,54,579,206,21,49,0,1,1.0
54888407533,54,583,206,20,50,0,1,1.0
54888457526,54,586,206,21,51,0,1,1.0
54888507543,54,590,205,21,53,0,1,1.0
54888557532,54,592,205,23,53,0,1,1.0
54888607526,54,596,204,22,54,0,1,1.0
54888657543,54,600,205,23,54,0,1,1.0
54888707532,54,603,203,24,56,0,1,1.0
54888757545,54,606,202,24,58,0,1,1.0
54888807547,54,610,202,24,58,0,1,1.0
54888857552,54,614,202,25,59,0,1,1.0
54888907545,54,618,202,22,60,0,1,1.0
54888957538,54,622,202,18,61,0,1,1.0
54889007488,54,625,203,15,63,0,1,1.0
54888407533,55,206,205,24,51,0,1,1.0
54888457526,55,200,205,24,51,0,1,1.0
54888507543,55,195,205,24,57,0,1,1.0
54888557532,55,189,205,26,59,0,1,1.0
54888607526,55,183,204,30,60,0,1,1.0
54888657543,55,176,202,29,61,0,1,1.0
54888707532,55,169,200,31,62,0,1,1.0
54888757545,55,162,198,31,61,0,1,1.0
54888807547,55,153,198,35,59,0,1,1.0
54888857552,55,142,197,38,64,0,1,1.0
54888907545,55,133,197,40,67,0,1,1.0
54888957538,55,124,197,37,75,0,1,1.0
54889007488,55,110,198,41,77,0,1,1.0
54889057533,55,95,198,45,80,0,1,1.0
54889107534,55,82,199,46,80,0,1,1.0
54889157523,55,65,198,49,85,0,1,1.0
54889207516,55,48,197,53,91,0,1,1.0
54889257534,55,26,196,59,97,0,1,1.0
54889307527,55,7,193,62,99,0,1,1.0
54889357536,55,0,192,48,106,0,1,1.0
54889407533,55,1,192,25,118,0,1,1.0
54888907545,56,427,209,18,38,0,1,1.0
54888957538,56,428,210,20,37,0,1,1.0
54889007488,56,429,210,20,40,0,1,1.0
54889057533,56,429,213,22,39,0,1,1.0
54889107534,56,430,215,22,39,0,1,1.0
54889157523,56,432,214,22,41,0,1,1.0
54889207516,56,435,213,19,42,0,1,1.0
54889257534,56,438,211,19,43,0,1,1.0
54889307527,56,444,211,15,43,0,1,1.0
54889407533,56,449,210,15,44,0,1,1.0
54889457526,56,451,210,16,44,0,1,1.0
54889507544,56,451,210,20,45,0,1,1.0
54889557533,56,452,211,21,45,0,1,1.0
54889607526,56,454,209,23,49,0,1,1.0
54889657539,56,454,210,25,48,0,1,1.0
54889707532,56,457,211,25,48,0,1,1.0
54889757550,56,460,210,23,48,0,1,1.0
54889807539,56,464,209,21,50,0,1,1.0
54888457526,57,425,210,19,37,0,1,1.0
54888507543,57,426,209,20,37,0,1,1.0
54888557532,57,426,209,21,37,0,1,1.0
54888607526,57,427,208,22,38,0,1,1.0
54888657543,57,429,207,21,39,0,1,1.0
54888707532,57,431,206,20,40,0,1,1.0
54889007488,57,447,208,17,41,0,1,1.0
54889057533,57,448,209,19,43,0,1,1.0
54889107534,57,449,210,21,43,0,1,1.0
54889157523,57,450,210,22,45,0,1,1.0
54889207516,57,452,210,22,44,0,1,1.0
54889257534,57,453,209,22,45,0,1,1.0
54889307527,57,457,207,20,46,0,1,1.0
54889357536,57,460,204,18,50,0,1,1.0
54889407533,57,465,204,17,49,0,1,1.0
54889457526,57,467,204,15,49,0,1,1.0
54889507544,57,471,203,15,52,0,1,1.0
54889557533,57,472,204,17,51,0,1,1.0
54889607526,57,475,204,21,51,0,1,1.0
54889657539,57,477,203,26,54,0,1,1.0
54889707532,57,477,203,29,54,0,1,1.0
54889757550,57,479,204,30,53,0,1,1.0
54889807539,57,480,204,30,54,0,1,1.0
54821507567,58,0,231,26,74,0,0,1.0
54821557580,58,0,230,29,77,0,0,1.0
54821607574,58,1,231,35,82,0,0,1.0
54821657571,58,0,228,35,82,0,0,1.0
54821707584,58,0,228,39,82,0,0,1.0
54821757573,58,0,227,42,85,0,0,1.0
54821807579,58,0,226,44,87,0,0,1.0
54821857588,58,0,226,46,90,0,0,1.0
54821907581,58,-0,226,47,92,0,0,1.0
54821957578,58,0,227,49,94,0,0,1.0
54822007528,58,0,228,50,97,0,0,1.0
54822057573,58,0,229,50,100,0,0,1.0
54822107578,58,0,229,50,104,0,0,1.0
54822157563,58,0,231,49,107,0,0,1.0
54822207560,58,0,231,48,112,0,0,1.0
54822257578,58,0,233,46,113,0,0,1.0
54822307571,58,0,236,44,114,0,0,1.0
54822357580,58,0,240,39,111,0,0,1.0
54822407577,58,0,244,35,111,0,0,1.0
54822457570,58,1,249,35,107,0,0,1.0
54854157542,59,163,218,53,23,0,0,1.0
54854207535,59,162,217,53,24,0,0,1.0
54854257553,59,159,217,55,23,0,0,1.0
54854307546,59,160,216,53,24,0,0,1.0
54854357539,59,158,216,53,24,0,0,1.0
54854407548,59,156,216,54,24,0,0,1.0
54854457541,59,153,216,56,24,0,0,1.0
54854507559,59,152,216,56,24,0,0,1.0
54854557552,59,150,215,56,26,0,0,1.0
54854607545,59,146,215,59,26,0,0,1.0
54854657562,59,144,214,59,26,0,0,1.0
54854707551,59,141,214,60,27,0,0,1.0
54854757569,59,137,214,63,27,0,0,1.0
54854807550,59,134,215,64,27,0,0,1.0
54854857559,59,133,215,64,27,0,0,1.0
54854907552,59,130,215,65,28,0,0,1.0
54854957569,59,126,215,67,27,0,0,1.0
54855007507,59,123,215,68,28,0,0,1.0
54855057532,59,121,215,68,28,0,0,1.0
54855107537,59,118,215,70,28,0,0,1.0
54855157546,59,115,215,71,28,0,0,1.0
54855207544,59,113,215,71,28,0,0,1.0
54855257553,59,109,215,73,28,0,0,1.0
54855307550,59,106,215,74,29,0,0,1.0
54855357543,59,103,215,75,29,0,0,1.0
54855407561,59,102,215,74,29,0,0,1.0
54855457554,59,98,215,76,30,0,0,1.0
54855507547,59,93,215,80,30,0,0,1.0
54855557560,59,93,215,77,31,0,0,1.0
54855607554,59,94,215,74,31,0,0,1.0
54855657547,59,87,215,79,30,0,0,1.0
54855707568,59,90,215,73,31,0,0,1.0
54855757557,59,86,215,75,31,0,0,1.0
54855807559,59,84,215,75,32,0,0,1.0
54855857568,59,90,215,66,32,0,0,1.0
54855907561,59,79,215,74,32,0,0,1.0
54855957554,59,83,215,68,33,0,0,1.0
54856007508,59,78,214,70,34,0,0,1.0
54856057557,59,71,214,75,34,0,0,1.0
54856107562,59,65,214,78,34,0,0,1.0
54856157543,59,58,214,82,35,0,0,1.0
54856207536,59,51,214,86,35,0,0,1.0
54856257554,59,44,214,89,36,0,0,1.0
54856307547,59,37,215,94,35,0,0,1.0
54856357544,59,27,214,100,37,0,0,1.0
54856407553,59,19,214,104,37,0,0,1.0
54856457550,59,10,214,110,38,0,0,1.0
54856507544,59,4,214,113,39,0,0,1.0
54856557561,59,2,213,111,39,0,0,1.0
54856607554,59,1,213,105,39,0,0,1.0
54856657547,59,1,212,98,40,0,0,1.0
54856707556,59,0,212,82,39,0,0,1.0
54856757550,59,1,211,66,42,0,0,1.0
54857057529,59,1,210,70,42,0,0,1.0
54857107534,59,1,210,65,53,0,0,1.0
54857157543,59,1,210,62,54,0,0,1.0
54857207541,59,1,210,57,54,0,0,1.0
54857257558,59,1,211,52,54,0,0,1.0
54857307547,59,1,212,47,47,0,0,1.0
54857357540,59,1,212,40,46,0,0,1.0
54857407558,59,1,213,35,46,0,0,1.0
54857457551,59,1,213,30,44,0,0,1.0
54857507544,59,1,218,24,41,0,0,1.0
54856157543,60,526,205,14,44,0,1,1.0
54856207536,60,528,205,14,45,0,1,1.0
54856357544,60,536,206,14,47,0,1,1.0
54856407553,60,539,206,14,47,0,1,1.0
54856457550,60,542,205,14,48,0,1,1.0
54856507544,60,544,205,16,48,0,1,1.0
54856557561,60,548,205,14,49,0,1,1.0
54856607554,60,550,204,16,50,0,1,1.0
54856657547,60,552,204,17,51,0,1,1.0
54856707556,60,555,203,17,51,0,1,1.0
54856757550,60,559,203,16,52,0,1,1.0
54856807551,60,562,202,16,54,0,1,1.0
54856857564,60,565,201,17,56,0,1,1.0
54856907557,60,568,201,18,56,0,1,1.0
54856957574,60,572,201,17,55,0,1,1.0
54857007504,60,575,200,17,57,0,1,1.0
54857057529,60,579,200,17,59,0,1,1.0
54857107534,60,581,199,20,60,0,1,1.0
54857157543,60,586,199,18,59,0,1,1.0
54857207541,60,590,199,19,62,0,1,1.0
54857257558,60,594,199,19,63,0,1,1.0
54857307547,60,597,199,21,63,0,1,1.0
54857357540,60,602,198,20,67,0,1,1.0
54857407558,60,607,199,20,64,0,1,1.0
54857457551,60,611,198,21,69,0,1,1.0
54857507544,60,616,198,20,69,0,1,1.0
54857557561,60,620,198,20,71,0,1,1.0
54857607551,60,627,197,13,70,0,1,1.0
54857657544,60,629,204,11,64,0,1,1.0
54862957557,61,0,207,32,55,0,0,1.0
54863007499,61,-0,205,33,58,0,0,1.0
54863057544,61,-0,207,33,56,0,0,1.0
54863107525,61,0,207,33,57,0,0,1.0
54863157534,61,0,207,34,57,0,0,1.0
54863207532,61,0,210,34,55,0,0,1.0
54863257549,61,0,210,34,56,0,0,1.0
54863307542,61,-0,209,33,58,0,0,1.0
54863357551,61,0,211,32,57,0,0,1.0
54863407545,61,-0,215,31,54,0,0,1.0
54863457538,61,-0,219,31,51,0,0,1.0
54863507555,61,-0,219,31,53,0,0,1.0
54863557552,61,0,218,30,54,0,0,1.0
54863607546,61,0,220,29,53,0,0,1.0
54863657555,61,0,221,26,53,0,0,1.0
54863707552,61,0,223,25,53,0,0,1.0
54863757545,61,-0,224,23,52,0,0,1.0
54863807551,61,-0,225,21,51,0,0,1.0
54863857556,61,0,226,18,50,0,0,1.0
54864107534,62,610,206,25,41,0,1,1.0
54864157543,62,607,207,25,41,0,1,1.0
54864207532,62,600,206,27,42,0,1,1.0
54864257550,62,596,206,26,42,0,1,1.0
54864307543,62,594,207,16,42,0,1,1.0
54864357532,62,589,208,18,41,0,1,1.0
54864407549,62,584,208,16,40,0,1,1.0
54864457546,62,579,207,15,42,0,1,1.0
54864507556,62,573,207,16,41,0,1,1.0
54864557549,62,566,207,20,43,0,1,1.0
54864607542,62,557,207,24,42,0,1,1.0
54864657559,62,551,206,26,44,0,1,1.0
54864707552,62,546,207,25,43,0,1,1.0
54864757546,62,541,207,23,43,0,1,1.0
54864807551,62,537,202,19,48,0,1,1.0
54864857548,62,533,202,17,48,0,1,1.0
54864907545,62,528,202,14,48,0,1,1.0
54865007500,62,514,204,16,48,0,1,1.0
54865057549,62,504,206,22,47,0,1,1.0
54865107546,62,496,208,25,45,0,1,1.0
54865157535,62,491,210,25,44,0,1,1.0
54865207533,62,484,210,28,45,0,1,1.0
54865257550,62,479,209,27,46,0,1,1.0
54865307543,62,474,210,25,46,0,1,1.0
54865357532,62,469,209,22,47,0,1,1.0
54865407550,62,463,210,18,46,0,1,1.0
54865457543,62,456,209,14,46,0,1,1.0
54865507536,62,449,209,14,49,0,1,1.0
54865557553,62,440,209,16,46,0,1,1.0
54865607547,62,431,209,19,48,0,1,1.0
54865657560,62,421,210,24,47,0,1,1.0
54865707553,62,415,210,24,47,0,1,1.0
54865757550,62,405,210,25,48,0,1,1.0
54865807564,62,397,209,25,49,0,1,1.0
54865857561,62,391,209,21,49,0,1,1.0
54865907554,62,382,208,21,50,0,1,1.0
54865957567,62,374,207,19,50,0,1,1.0
54866007501,62,364,206,16,52,0,1,1.0
54866057530,62,354,206,17,53,0,1,1.0
54866107535,62,342,208,20,52,0,1,1.0
54866157544,62,325,207,32,55,0,1,1.0
54866207541,62,314,211,35,53,0,1,1.0
54866257551,62,303,210,35,53,0,1,1.0
54866307544,62,294,209,35,56,0,1,1.0
54866357541,62,283,211,33,54,0,1,1.0
54866407554,62,271,210,31,54,0,1,1.0
54866457547,62,262,208,25,56,0,1,1.0
54866507545,62,247,209,25,57,0,1,1.0
54866557558,62,238,209,17,57,0,1,1.0
54866607551,62,219,209,24,57,0,1,1.0
54866657548,62,201,207,33,60,0,1,1.0
54866707541,62,186,209,36,59,0,1,1.0
54866757563,62,169,211,41,60,0,1,1.0
54866807544,62,154,208,41,65,0,1,1.0
54866857545,62,140,207,37,67,0,1,1.0
54866907562,62,127,209,34,66,0,1,1.0
54866957555,62,110,204,29,72,0,1,1.0
54867007497,62,96,207,21,69,0,1,1.0
54867057530,62,74,207,25,71,0,1,1.0
54867107527,62,53,204,32,76,0,1,1.0
54867157540,62,37,205,33,78,0,1,1.0
54867207538,62,18,209,35,76,0,1,1.0
54867257531,62,0,211,34,80,0,1,1.0
54866257551,63,532,214,22,42,0,1,1.0
54866307544,63,524,213,20,42,0,1,1.0
54866357541,63,515,213,20,42,0,1,1.0
54866407554,63,508,213,16,42,0,1,1.0
54866457547,63,495,213,17,42,0,1,1.0
54866507545,63,487,214,18,42,0,1,1.0
54866557558,63,479,213,17,44,0,1,1.0
54866607551,63,470,214,18,43,0,1,1.0
54866657548,63,460,213,20,42,0,1,1.0
54866707541,63,450,213,21,42,0,1,1.0
54866757563,63,438,213,24,41,0,1,1.0
54866807544,63,427,213,24,44,0,1,1.0
54866857545,63,417,213,26,44,0,1,1.0
54866907562,63,408,213,24,44,0,1,1.0
54866957555,63,401,213,18,45,0,1,1.0
54867007497,63,391,213,17,44,0,1,1.0
54867057530,63,379,214,18,45,0,1,1.0
54867107527,63,370,214,18,47,0,1,1.0
54867157540,63,359,215,20,47,0,1,1.0
54867207538,63,350,217,20,45,0,1,1.0
54867257531,63,339,217,23,48,0,1,1.0
54867307548,63,329,219,19,47,0,1,1.0
54867357541,63,316,219,20,47,0,1,1.0
54867407531,63,306,217,20,49,0,1,1.0
54867457548,63,295,217,19,49,0,1,1.0
54867507541,63,283,216,19,51,0,1,1.0
54867557534,63,271,217,22,49,0,1,1.0
54867607552,63,260,216,23,53,0,1,1.0
54867657549,63,248,215,26,56,0,1,1.0
54867707538,63,236,216,28,56,0,1,1.0
54867757539,63,222,215,30,59,0,1,1.0
54867807557,63,210,217,30,58,0,1,1.0
54867857542,63,196,217,31,62,0,1,1.0
54867907559,63,181,216,26,65,0,1,1.0
54867957548,63,169,216,21,64,0,1,1.0
54868007498,63,152,215,23,74,0,1,1.0
54868057523,63,136,215,26,77,0,1,1.0
54868107528,63,120,213,30,79,0,1,1.0
54868157537,63,103,213,34,79,0,1,1.0
54868207534,63,84,213,38,80,0,1,1.0
54868257544,63,68,212,37,83,0,1,1.0
54868307537,63,50,211,31,83,0,1,1.0
54868357534,63,29,210,30,90,0,1,1.0
54868407551,63,7,209,32,99,0,1,1.0
54868457544,63,0,209,18,102,0,1,1.0
54871157534,64,78,218,20,31,0,1,1.0
54871557536,64,33,216,19,34,0,1,1.0
54871607533,64,28,216,21,35,0,1,1.0
54871657550,64,22,219,23,33,0,1,1.0
54871707547,64,18,218,22,34,0,1,1.0
54871757537,64,14,218,21,34,0,1,1.0
54871807542,64,10,216,18,36,0,1,1.0
54872707540,65,60,203,22,60,0,1,1.0
54872757557,65,56,203,22,60,0,1,1.0
54872807539,65,53,203,21,60,0,1,1.0
54872857544,65,46,203,21,60,0,1,1.0
54872907557,65,41,203,21,60,0,1,1.0
54872957550,65,35,203,21,60,0,1,1.0
54873007496,65,29,199,27,64,0,1,1.0
54873057521,65,22,199,30,64,0,1,1.0
54873107530,65,15,200,30,64,0,1,1.0
54873157535,65,9,200,33,64,0,1,1.0
54873207532,65,2,199,34,65,0,1,1.0
54873257526,65,2,197,32,66,0,1,1.0
54873307543,65,1,196,26,66,0,1,1.0
54873357536,65,1,196,22,66,0,1,1.0
54873407529,65,1,196,17,66,0,1,1.0
54874657548,66,583,213,20,34,0,1,1.0
54874707541,66,581,213,20,34,0,1,1.0
54874757538,66,580,213,20,34,0,1,1.0
54874807544,66,577,212,20,34,0,1,1.0
54875557538,66,528,208,18,36,0,1,1.0
54875607535,66,524,208,18,36,0,1,1.0
54875657532,66,521,208,18,36,0,1,1.0
54875707553,66,518,208,18,36,0,1,1.0
54875757539,66,515,208,18,36,0,1,1.0
54876107519,66,487,207,18,36,0,1,1.0
54876157532,66,481,207,18,36,0,1,1.0
54876207530,66,479,206,18,36,0,1,1.0
54876457536,66,458,206,18,37,0,1,1.0
54876507533,66,454,206,18,37,0,1,1.0
54876557550,66,451,206,18,37,0,1,1.0
54876607544,66,447,206,19,37,0,1,1.0
54876657553,66,443,206,19,37,0,1,1.0
54876707546,66,438,206,19,37,0,1,1.0
54876757547,66,433,206,19,37,0,1,1.0
54876807537,66,429,206,18,37,0,1,1.0
54878057543,67,379,212,17,37,0,1,1.0
54878107520,67,372,212,17,37,0,1,1.0
54878157533,67,364,212,18,37,0,1,1.0
54878207527,67,356,212,19,37,0,1,1.0
54878257524,67,348,212,19,37,0,1,1.0
54878307541,67,339,212,19,37,0,1,1.0
54878357530,67,329,211,20,38,0,1,1.0
54878407548,67,320,209,18,40,0,1,1.0
54878457541,67,312,209,17,40,0,1,1.0
54878507538,67,304,209,16,40,0,1,1.0
54878557531,67,295,209,16,40,0,1,1.0
54878607549,67,287,209,16,40,0,1,1.0
54878657538,67,279,209,16,40,0,1,1.0
54878707555,67,270,209,16,40,0,1,1.0
54878757552,67,259,209,18,40,0,1,1.0
54878807554,67,249,209,18,40,0,1,1.0
54878857559,67,238,209,19,41,0,1,1.0
54878907556,67,227,209,19,41,0,1,1.0
54878957545,67,217,209,19,41,0,1,1.0
54879007491,67,205,209,19,42,0,1,1.0
54879057520,67,195,210,19,42,0,1,1.0
54879107525,67,185,210,19,43,0,1,1.0
54879157538,67,173,210,21,45,0,1,1.0
54879207531,67,160,209,23,47,0,1,1.0
54879257521,67,148,209,25,47,0,1,1.0
54879307542,67,135,209,25,47,0,1,1.0
54879357535,67,121,209,25,47,0,1,1.0
54879407532,67,107,209,25,47,0,1,1.0
54879457525,67,93,209,25,47,0,1,1.0
54879507547,67,78,209,23,47,0,1,1.0
54879557536,67,63,206,23,52,0,1,1.0
54879607529,67,50,206,23,52,0,1,1.0
54879657550,67,36,206,23,52,0,1,1.0
54879707547,67,17,206,27,57,0,1,1.0
54879757541,67,4,206,27,57,0,1,1.0
54879707547,68,241,208,16,39,0,1,1.0
54879757541,68,233,208,16,39,0,1,1.0
54879807542,68,226,209,16,39,0,1,1.0
54879857539,68,217,207,16,40,0,1,1.0
54880107517,68,179,207,16,41,0,1,1.0
54880157534,68,170,206,17,42,0,1,1.0
54880207528,68,162,205,16,43,0,1,1.0
54880257525,68,154,205,16,42,0,1,1.0
54880307522,68,145,205,18,43,0,1,1.0
54880357539,68,136,205,20,43,0,1,1.0
54880407525,68,127,205,22,43,0,1,1.0
54880457542,68,117,205,23,44,0,1,1.0
54880507535,68,108,204,22,45,0,1,1.0
54880557528,68,98,204,22,45,0,1,1.0
54880607546,68,88,204,21,45,0,1,1.0
54880657539,68,78,204,21,46,0,1,1.0
54880707548,68,69,203,20,48,0,1,1.0
54880757541,68,58,203,20,48,0,1,1.0
54880807551,68,47,201,20,49,0,1,1.0
54880857548,68,35,201,21,50,0,1,1.0
54880907545,68,24,201,21,49,0,1,1.0
54880957558,68,11,200,22,51,0,1,1.0
54881007492,68,0,200,20,51,0,1,1.0
54883357533,69,125,212,15,48,0,1,1.0
54883407522,69,120,212,17,49,0,1,1.0
54883457543,69,115,212,17,49,0,1,1.0
54883507537,69,111,213,17,50,0,1,1.0
54883557526,69,105,213,17,51,0,1,1.0
54883607543,69,100,213,17,51,0,1,1.0
54883657540,69,95,213,17,52,0,1,1.0
54883707533,69,90,213,17,53,0,1,1.0
54883757551,69,85,212,17,55,0,1,1.0
54883807536,69,76,212,23,55,0,1,1.0
54883857553,69,71,212,23,57,0,1,1.0
54883907546,69,64,211,26,59,0,1,1.0
54883957539,69,58,211,26,59,0,1,1.0
54884007489,69,51,212,26,59,0,1,1.0
54884057514,69,42,211,28,61,0,1,1.0
54884107523,69,37,211,28,61,0,1,1.0
54884157528,69,29,211,29,66,0,1,1.0
54884207526,69,18,209,33,68,0,1,1.0
54884257519,69,10,209,33,68,0,1,1.0
54884307536,69,4,209,31,70,0,1,1.0
54884357533,69,1,209,25,70,0,1,1.0
54883557526,70,179,209,17,45,0,1,1.0
54883607543,70,175,210,17,45,0,1,1.0
54883657540,70,171,210,18,46,0,1,1.0
54883707533,70,166,210,20,47,0,1,1.0
54883757551,70,163,210,20,47,0,1,1.0
54883807536,70,158,210,20,47,0,1,1.0
54883857553,70,155,211,20,47,0,1,1.0
54883907546,70,151,211,20,47,0,1,1.0
54883957539,70,145,210,21,50,0,1,1.0
54884007489,70,142,210,21,50,0,1,1.0
54884057514,70,137,210,23,51,0,1,1.0
54884107523,70,133,210,23,53,0,1,1.0
54884157528,70,129,210,23,53,0,1,1.0
54884207526,70,123,208,25,56,0,1,1.0
54884257519,70,119,207,25,57,0,1,1.0
54884307536,70,113,207,26,59,0,1,1.0
54884357533,70,108,207,27,60,0,1,1.0
54884407527,70,103,205,27,61,0,1,1.0
54884457540,70,97,205,27,62,0,1,1.0
54884507533,70,92,204,27,65,0,1,1.0
54884557526,70,87,204,27,65,0,1,1.0
54884607548,70,82,204,27,67,0,1,1.0
54884657541,70,73,204,30,69,0,1,1.0
54884707534,70,67,204,32,70,0,1,1.0
54884757547,70,59,203,33,74,0,1,1.0
54884807533,70,51,203,36,76,0,1,1.0
54884857534,70,43,202,38,77,0,1,1.0
54884907555,70,34,201,40,81,0,1,1.0
54884957548,70,27,201,40,84,0,1,1.0
54885007490,70,18,200,40,85,0,1,1.0
54885057539,70,9,199,42,86,0,1,1.0
54885107520,70,1,199,42,88,0,1,1.0
54885157533,70,1,198,33,93,0,1,1.0
54824757583,71,520,223,29,37,0,2,1.0
54824807588,71,522,223,29,37,0,2,1.0
54824857573,71,524,223,31,38,0,2,1.0
54824907586,71,527,222,31,39,0,2,1.0
54824957575,71,530,222,31,39,0,2,1.0
54825007529,71,534,221,30,40,0,2,1.0
54825057578,71,536,221,31,40,0,2,1.0
54825107559,71,539,221,33,41,0,2,1.0
54825157572,71,543,220,32,42,0,2,1.0
54825207562,71,545,220,35,44,0,2,1.0
54825257579,71,548,220,35,44,0,2,1.0
54825307572,71,552,219,37,46,0,2,1.0
54825357565,71,555,219,39,47,0,2,1.0
54825407583,71,559,219,40,47,0,2,1.0
54825457576,71,562,219,43,47,0,2,1.0
54825507585,71,566,217,43,49,0,2,1.0
54825557578,71,570,216,45,51,0,2,1.0
54825607576,71,574,215,46,54,0,2,1.0
54825657569,71,577,217,47,51,0,2,1.0
54825707586,71,582,218,48,50,0,2,1.0
54825757587,71,587,217,52,53,0,2,1.0
54825807573,71,591,218,49,55,0,2,1.0
54825857590,71,597,221,43,49,0,2,1.0
54825907583,71,603,223,37,50,0,2,1.0
54825957576,71,606,222,34,55,0,2,1.0
54826007526,71,612,222,28,53,0,2,1.0
54826057575,72,367,196,100,47,0,4,1.0
54826107572,72,367,194,100,48,0,4,1.0
54826157557,72,367,193,101,48,0,4,1.0
54826207554,72,368,193,100,48,0,4,1.0
54826257572,72,368,193,103,48,0,4,1.0
54826307565,72,368,192,103,50,0,4,1.0
54826357586,72,369,192,105,50,0,4,1.0
54826407571,72,370,192,104,50,0,4,1.0
54826457564,72,370,192,107,50,0,4,1.0
54826507562,72,370,192,109,51,0,4,1.0
54826557579,72,371,192,109,51,0,4,1.0
54826607572,72,371,192,110,51,0,4,1.0
54826657585,72,372,192,111,52,0,4,1.0
54826707578,72,372,192,111,52,0,4,1.0
54826757588,72,373,192,113,52,0,4,1.0
54826807577,72,374,191,112,53,0,4,1.0
54826857570,72,375,191,113,53,0,4,1.0
54826907587,72,376,191,112,54,0,4,1.0
54826957576,72,375,190,114,55,0,4,1.0
54827007522,72,377,190,115,55,0,4,1.0
54827057547,72,378,190,116,55,0,4,1.0
54827107552,72,379,189,117,56,0,4,1.0
54827157565,72,379,190,118,56,0,4,1.0
54827207559,72,380,190,121,57,0,4,1.0
54827257568,72,381,190,120,58,0,4,1.0
54827307565,72,381,190,122,58,0,4,1.0
54827357558,72,381,190,124,59,0,4,1.0
54827407576,72,383,190,123,60,0,4,1.0
54827457569,72,383,190,124,60,0,4,1.0
54827507566,72,384,190,125,61,0,4,1.0
54827557575,72,385,190,127,61,0,4,1.0
54827607573,72,386,190,130,61,0,4,1.0
54827657566,72,387,189,130,62,0,4,1.0
54827707583,72,387,188,130,63,0,4,1.0
54827757572,72,387,188,134,63,0,4,1.0
54827807586,72,388,187,134,64,0,4,1.0
54827857583,72,388,187,136,63,0,4,1.0
54827907576,72,389,187,139,63,0,4,1.0
54827957569,72,390,186,140,64,0,4,1.0
54828007523,72,389,186,141,65,0,4,1.0
54828057552,72,389,186,141,65,0,4,1.0
54828107549,72,390,186,142,66,0,4,1.0
54828157562,72,390,185,144,67,0,4,1.0
54828207555,72,391,185,145,67,0,4,1.0
54828257573,72,391,185,148,68,0,4,1.0
54828307566,72,392,185,149,68,0,4,1.0
54828357559,72,393,185,151,69,0,4,1.0
54828407572,72,393,185,148,69,0,4,1.0
54828457565,72,393,185,149,70,0,4,1.0
54828507559,72,393,185,152,71,0,4,1.0
54828557576,72,394,185,154,71,0,4,1.0
54828607569,72,394,184,155,72,0,4,1.0
54828657562,72,395,183,156,73,0,4,1.0
54828707575,72,395,183,158,73,0,4,1.0
54828757589,72,396,183,159,74,0,4,1.0
54828807578,72,396,182,160,75,0,4,1.0
54828857579,72,396,182,162,75,0,4,1.0
54828907572,72,397,182,162,75,0,4,1.0
54828957589,72,398,181,165,77,0,4,1.0
54829007519,72,398,180,167,78,0,4,1.0
54829057544,72,399,180,170,78,0,4,1.0
54829107549,72,400,179,174,79,0,4,1.0
54829157562,72,400,179,178,80,0,4,1.0
54829207560,72,401,179,181,80,0,4,1.0
54829257569,72,402,178,181,81,0,4,1.0
54829307566,72,401,178,184,83,0,4,1.0
54829357555,72,403,177,187,84,0,4,1.0
54829407573,72,403,177,191,85,0,4,1.0
54829457566,72,403,177,195,85,0,4,1.0
54829507563,72,404,176,199,87,0,4,1.0
54829557572,72,405,175,204,88,0,4,1.0
54829607570,72,405,175,209,88,0,4,1.0
54829657563,72,406,174,215,89,0,4,1.0
54829707580,72,406,174,221,90,0,4,1.0
54829757561,72,408,173,219,91,0,4,1.0
54829807575,72,409,172,224,92,0,4,1.0
54829857576,72,407,171,230,94,0,4,1.0
54829907569,72,409,171,229,94,0,4,1.0
54829957586,72,409,170,229,95,0,4,1.0
54830007520,72,411,171,228,94,0,4,1.0
54830057549,72,412,169,227,96,0,4,1.0
54830107558,72,413,169,223,97,0,4,1.0
54830157563,72,413,168,227,98,0,4,1.0
54830207556,72,414,167,226,100,0,4,1.0
54830257550,72,414,167,225,100,0,4,1.0
54830307571,72,415,166,225,101,0,4,1.0
54830357564,72,416,165,225,102,0,4,1.0
54830407553,72,417,164,222,104,0,4,1.0
54830457574,72,417,164,222,105,0,4,1.0
54830507568,72,418,163,221,107,0,4,1.0
54830557561,72,418,163,221,107,0,4,1.0
54830607578,72,419,162,221,108,0,4,1.0
54830657571,72,419,161,221,110,0,4,1.0
54830707560,72,420,160,220,111,0,4,1.0
54830757586,72,420,160,220,112,0,4,1.0
54830807579,72,421,160,218,113,0,4,1.0
54830857568,72,422,159,217,115,0,4,1.0
54830907585,72,423,158,217,116,0,4,1.0
54830957582,72,423,157,217,117,0,4,1.0
54831007520,72,424,157,215,117,0,4,1.0
54831057569,72,424,156,215,119,0,4,1.0
54831107550,72,425,156,214,120,0,4,1.0
54831157563,72,426,156,213,120,0,4,1.0
54831207556,72,427,155,212,122,0,4,1.0
54831257550,72,427,154,206,123,0,4,1.0
54831307559,72,428,153,209,124,0,4,1.0
54831357552,72,428,152,210,124,0,4,1.0
54831407569,72,428,151,211,126,0,4,1.0
54831457562,72,430,151,209,126,0,4,1.0
54831507556,72,430,150,209,128,0,4,1.0
54831557573,72,431,150,208,128,0,4,1.0
54831607562,72,432,150,208,128,0,4,1.0
54831657579,72,432,149,208,130,0,4,1.0
54831707572,72,433,149,207,130,0,4,1.0
54831757582,72,433,148,207,131,0,4,1.0
54831807571,72,434,148,206,131,0,4,1.0
54831857568,72,434,147,206,132,0,4,1.0
54831907585,72,434,147,206,132,0,4,1.0
54831957578,72,434,146,205,134,0,4,1.0
54832007520,72,435,146,205,135,0,4,1.0
54832057549,72,436,146,204,135,0,4,1.0
54832107554,72,436,146,204,135,0,4,1.0
54832157559,72,436,146,204,135,0,4,1.0
54832207553,72,437,146,203,135,0,4,1.0
54832257566,72,437,146,203,135,0,4,1.0
54832307559,72,437,145,203,137,0,4,1.0
54832357552,72,437,145,203,137,0,4,1.0
54832407570,72,438,143,202,140,0,4,1.0
54832457559,72,439,143,201,141,0,4,1.0
54832507576,72,439,144,201,140,0,4,1.0
54832557569,72,440,143,199,143,0,4,1.0
54832607563,72,440,143,200,143,0,4,1.0
54832657580,72,440,144,200,142,0,4,1.0
54832707573,72,440,144,200,141,0,4,1.0
54832757566,72,441,143,199,142,0,4,1.0
54832807580,72,440,142,200,143,0,4,1.0
54832857573,72,440,142,200,143,0,4,1.0
54832907566,72,440,142,200,144,0,4,1.0
54832957583,72,441,141,199,144,0,4,1.0
54833007521,72,441,141,199,144,0,4,1.0
54833057546,72,441,141,199,143,0,4,1.0
54833107551,72,441,142,199,142,0,4,1.0
54833157564,72,442,142,198,143,0,4,1.0
54833207557,72,442,142,198,144,0,4,1.0
54833257555,72,442,142,198,145,0,4,1.0
54833307564,72,443,142,197,148,0,4,1.0
54833357557,72,442,142,198,144,0,4,1.0
54833407574,72,443,141,197,146,0,4,1.0
54833457567,72,443,141,197,144,0,4,1.0
54833507561,72,443,141,196,145,0,4,1.0
54833557558,72,442,141,198,145,0,4,1.0
54833607571,72,442,142,198,144,0,4,1.0
54833657564,72,442,142,198,145,0,4,1.0
54833707581,72,443,143,197,150,0,4,1.0
54833757575,72,443,143,197,146,0,4,1.0
54833807564,72,443,143,196,147,0,4,1.0
54833857565,72,443,143,196,147,0,4,1.0
54833907574,72,444,143,195,147,0,4,1.0
54833957571,72,444,143,195,146,0,4,1.0
54834007517,72,444,143,195,146,0,4,1.0
54834057542,72,444,142,195,147,0,4,1.0
54834107551,72,444,142,195,147,0,4,1.0
54834157560,72,444,142,195,147,0,4,1.0
54834207554,72,444,142,196,148,0,4,1.0
54834257547,72,444,142,195,148,0,4,1.0
54834307564,72,445,142,195,148,0,4,1.0
54834357557,72,445,142,195,149,0,4,1.0
54834407555,72,445,142,194,148,0,4,1.0
54834457564,72,445,141,195,149,0,4,1.0
54834507557,72,446,141,194,149,0,4,1.0
54834557574,72,446,141,194,150,0,4,1.0
54834607568,72,446,141,194,150,0,4,1.0
54834657565,72,446,141,194,150,0,4,1.0
54834707558,72,446,140,194,152,0,4,1.0
54834757575,72,447,139,193,153,0,4,1.0
54834807565,72,447,140,192,153,0,4,1.0
54834857582,72,447,140,192,154,0,4,1.0
54834907579,72,447,140,192,153,0,4,1.0
54834957572,72,447,139,193,154,0,4,1.0
54835007518,72,447,139,193,154,0,4,1.0
54835057563,72,447,139,193,154,0,4,1.0
54835107544,72,448,138,192,155,0,4,1.0
54835157557,72,448,137,192,156,0,4,1.0
54835207554,72,449,137,191,157,0,4,1.0
54835257548,72,449,136,191,158,0,4,1.0
54835307565,72,449,135,191,159,0,4,1.0
54835357554,72,450,135,190,160,0,4,1.0
54835407571,72,450,134,190,161,0,4,1.0
54835457564,72,451,133,188,163,0,4,1.0
54835507558,72,451,133,189,163,0,4,1.0
54835557555,72,451,133,188,164,0,4,1.0
54835607568,72,452,133,187,164,0,4,1.0
54835657561,72,452,133,187,164,0,4,1.0
54835707558,72,453,132,186,165,0,4,1.0
54835757580,72,455,132,184,166,0,4,1.0
54835807569,72,454,132,186,165,0,4,1.0
54835857562,72,456,131,184,167,0,4,1.0
54835907571,72,456,130,183,168,0,4,1.0
54835957568,72,457,130,182,168,0,4,1.0
54836007518,72,457,129,182,170,0,4,1.0
54836057547,72,457,129,182,170,0,4,1.0
54836107548,72,457,129,183,170,0,4,1.0
54836157561,72,457,129,183,171,0,4,1.0
54836207551,72,458,129,182,172,0,4,1.0
54836257548,72,458,129,182,173,0,4,1.0
54836307565,72,459,129,181,174,0,4,1.0
54836357562,72,460,129,179,173,0,4,1.0
54836407556,72,460,128,179,175,0,4,1.0
54836457553,72,460,127,179,176,0,4,1.0
54836507562,72,460,127,180,176,0,4,1.0
54836557559,72,461,126,179,177,0,4,1.0
54836607577,72,461,126,179,178,0,4,1.0
54836657570,72,461,125,179,179,0,4,1.0
54836707567,72,461,125,178,179,0,4,1.0
54836757584,72,461,124,178,180,0,4,1.0
54836807570,72,462,123,178,181,0,4,1.0
54836857571,72,463,123,177,182,0,4,1.0
54836907564,72,463,123,176,183,0,4,1.0
54836957585,72,464,122,175,183,0,4,1.0
54837007515,72,464,121,175,185,0,4,1.0
54837057560,72,464,121,175,185,0,4,1.0
54837107541,72,465,120,174,186,0,4,1.0
54837157554,72,465,120,174,186,0,4,1.0
54837207555,72,465,119,174,187,0,4,1.0
54837257549,72,466,119,173,187,0,4,1.0
54837307550,72,465,119,174,188,0,4,1.0
54837357559,72,465,118,174,188,0,4,1.0
54837407552,72,466,118,173,188,0,4,1.0
54837457569,72,465,117,174,190,0,4,1.0
54837507563,72,468,117,171,191,0,4,1.0
54837557556,72,468,117,171,190,0,4,1.0
54837607553,72,468,116,171,190,0,4,1.0
54837657562,72,467,116,172,191,0,4,1.0
54837707559,72,468,116,171,191,0,4,1.0
54837757577,72,469,116,170,192,0,4,1.0
54837807566,72,470,116,169,190,0,4,1.0
54837857563,72,470,115,169,192,0,4,1.0
54837907580,72,471,115,168,192,0,4,1.0
54837957569,72,471,114,168,194,0,4,1.0
54838007515,72,471,113,168,195,0,4,1.0
54838057548,72,471,113,168,196,0,4,1.0
54838107553,72,471,112,168,196,0,4,1.0
54838157562,72,472,114,168,192,0,4,1.0
54838207552,72,472,111,167,198,0,4,1.0
54838257549,72,474,111,165,199,0,4,1.0
54838307566,72,474,110,165,201,0,4,1.0
54838357559,72,476,109,163,202,0,4,1.0
54838407553,72,476,109,163,201,0,4,1.0
54838457570,72,477,108,162,201,0,4,1.0
54838507559,72,478,107,161,204,0,4,1.0
54838557552,72,478,106,161,207,0,4,1.0
54838607570,72,479,105,160,209,0,4,1.0
54838657563,72,480,104,159,211,0,4,1.0
54838707556,72,481,103,158,212,0,4,1.0
54838757573,72,482,102,157,213,0,4,1.0
54838807559,72,483,102,156,215,0,4,1.0
54838857560,72,484,101,155,216,0,4,1.0
54838907577,72,485,101,154,217,0,4,1.0
54838957574,72,487,101,152,218,0,4,1.0
54839007516,72,488,100,151,220,0,4,1.0
54839057541,72,489,98,150,223,0,4,1.0
54839107542,72,490,96,149,225,0,4,1.0
54839157555,72,491,95,148,226,0,4,1.0
54839207552,72,493,93,146,228,0,4,1.0
54839257550,72,494,92,145,230,0,4,1.0
54839307567,72,496,90,143,232,0,4,1.0
54839357564,72,498,89,141,234,0,4,1.0
54839407553,72,500,87,139,237,0,4,1.0
54839457570,72,502,86,137,239,0,4,1.0
54839507564,72,503,85,136,241,0,4,1.0
54839557561,72,505,84,134,243,0,4,1.0
54839607554,72,506,83,133,245,0,4,1.0
54839657567,72,508,80,131,249,0,4,1.0
54839707564,72,510,80,129,250,0,4,1.0
54839757558,72,512,78,127,254,0,4,1.0
54839807563,72,514,78,125,257,0,4,1.0
54839857572,72,516,82,124,265,0,4,1.0
54839907565,72,518,80,121,264,0,4,1.0
54839957578,72,520,79,119,270,0,4,1.0
54840007516,72,522,77,117,272,0,4,1.0
54840057541,72,524,72,115,265,0,4,1.0
54840107546,72,527,71,112,266,0,4,1.0
54840157559,72,529,70,110,268,0,4,1.0
54840207553,72,532,69,107,271,0,4,1.0
54840257566,72,534,68,105,273,0,4,1.0
54840307563,72,537,66,102,276,0,4,1.0
54840357556,72,539,66,100,276,0,4,1.0
54840407554,72,542,65,97,279,0,4,1.0
54840457571,72,544,64,95,281,0,4,1.0
54840507568,72,547,63,92,284,0,4,1.0
54840557557,72,550,62,89,285,0,4,1.0
54840607575,72,553,62,86,285,0,4,1.0
54840657568,72,556,61,84,285,0,4,1.0
54840707561,72,556,60,84,291,0,4,1.0
54840757574,72,561,59,79,298,0,4,1.0
54840807560,72,565,59,74,298,0,4,1.0
54840857565,72,567,58,72,304,0,4,1.0
54840907582,72,570,56,69,304,0,4,1.0
54840957575,72,573,56,67,304,0,4,1.0
54841007517,72,577,56,64,304,0,4,1.0
54841057566,72,581,54,59,304,0,4,1.0
54841107563,72,584,53,56,306,0,4,1.0
54841157552,72,588,51,52,309,0,4,1.0
54841207545,72,591,49,49,311,0,4,1.0
54841257563,72,595,47,45,314,0,4,1.0
54841307560,72,600,48,40,314,0,4,1.0
54841357553,72,603,49,37,314,0,4,1.0
54841407562,72,607,47,33,317,0,4,1.0
54841457559,72,613,53,27,315,0,4,1.0
54841507553,72,617,46,23,323,0,4,1.0
54835857562,73,433,252,23,28,0,2,1.0
54835907571,73,428,250,31,30,0,2,1.0
54835957568,73,423,252,37,28,0,2,1.0
54836007518,73,416,252,44,29,0,2,1.0
54836057547,73,411,251,49,30,0,2,1.0
54836107548,73,411,252,43,29,0,2,1.0
54836157561,73,411,254,37,27,0,2,1.0
54836207551,73,406,255,37,26,0,2,1.0
54836257548,73,406,257,31,24,0,2,1.0
54836307565,73,408,257,27,27,0,2,1.0
54837757577,73,208,255,36,30,0,2,1.0
54837807566,73,203,254,41,30,0,2,1.0
54837857563,73,200,255,45,29,0,2,1.0
54837907580,73,190,255,50,31,0,2,1.0
54837957569,73,182,255,53,31,0,2,1.0
54838007515,73,173,255,55,31,0,2,1.0
54838057548,73,168,255,53,31,0,2,1.0
54838107553,73,162,255,53,31,0,2,1.0
54838157562,73,153,255,57,30,0,2,1.0
54838207552,73,146,254,55,32,0,2,1.0
54838257549,73,138,254,58,34,0,2,1.0
54838307566,73,130,254,58,34,0,2,1.0
54838357559,73,124,255,58,33,0,2,1.0
54838407553,73,115,256,59,32,0,2,1.0
54838457570,73,108,255,57,34,0,2,1.0
54838507559,73,101,254,59,35,0,2,1.0
54838557552,73,92,255,60,34,0,2,1.0
54838607570,73,84,257,60,32,0,2,1.0
54838657563,73,76,257,60,32,0,2,1.0
54838707556,73,68,257,60,33,0,2,1.0
54838757573,73,59,258,61,34,0,2,1.0
54838807559,73,50,259,62,33,0,2,1.0
54838857560,73,41,258,62,37,0,2,1.0
54838907577,73,32,260,61,35,0,2,1.0
54838957574,73,23,261,62,35,0,2,1.0
54839007516,73,16,261,60,35,0,2,1.0
54839057541,73,3,261,66,36,0,2,1.0
54839107542,73,0,260,59,37,0,2,1.0
54839157555,73,0,260,48,36,0,2,1.0
54839207552,73,0,265,39,30,0,2,1.0
54839257550,73,0,262,29,33,0,2,1.0
54839307567,73,1,259,20,36,0,2,1.0
54851507566,74,118,214,19,41,0,1,1.0
54851557559,74,115,214,19,41,0,1,1.0
54851607552,74,113,214,19,43,0,1,1.0
54851657569,74,109,214,19,43,0,1,1.0
54851707562,74,106,216,17,41,0,1,1.0
54851757552,74,103,216,18,41,0,1,1.0
54851807565,74,99,215,16,41,0,1,1.0
54851857558,74,97,214,16,41,0,1,1.0
54851907571,74,93,213,17,41,0,1,1.0
54851957564,74,88,213,18,36,0,1,1.0
54852707550,74,19,215,20,56,0,1,1.0
54852757568,74,10,213,25,59,0,1,1.0
54852807565,74,4,213,25,59,0,1,1.0
54852857558,74,1,213,21,60,0,1,1.0
54852907575,74,1,213,12,60,0,1,1.0
54856407553,75,479,221,23,31,0,3,1.0
54856457550,75,480,221,24,31,0,3,1.0
54856507544,75,481,220,24,32,0,3,1.0
54856557561,75,483,220,25,33,0,3,1.0
54856607554,75,484,220,26,33,0,3,1.0
54856657547,75,486,219,26,34,0,3,1.0
54856707556,75,487,219,27,35,0,3,1.0
54856757550,75,488,219,28,35,0,3,1.0
54856807551,75,491,219,27,36,0,3,1.0
54856857564,75,493,219,28,36,0,3,1.0
54856907557,75,494,218,29,37,0,3,1.0
54856957574,75,496,218,29,37,0,3,1.0
54857007504,75,497,218,30,38,0,3,1.0
54857057529,75,499,218,30,38,0,3,1.0
54857107534,75,500,218,32,39,0,3,1.0
54857157543,75,502,218,33,40,0,3,1.0
54857207541,75,504,218,34,41,0,3,1.0
54857257558,75,506,218,34,42,0,3,1.0
54857307547,75,508,218,35,42,0,3,1.0
54857357540,75,509,219,37,42,0,3,1.0
54857407558,75,512,219,37,43,0,3,1.0
54857457551,75,514,219,38,44,0,3,1.0
54857507544,75,516,219,39,45,0,3,1.0
54857557561,75,518,219,41,46,0,3,1.0
54857607551,75,521,219,41,46,0,3,1.0
54857657544,75,524,218,42,48,0,3,1.0
54857707561,75,527,219,43,48,0,3,1.0
54857757558,75,529,219,45,50,0,3,1.0
54857807556,75,532,221,46,49,0,3,1.0
54857857561,75,536,220,47,52,0,3,1.0
54857907554,75,539,221,49,52,0,3,1.0
54857957571,75,543,220,50,53,0,3,1.0
54858007505,75,546,220,52,54,0,3,1.0
54858057530,75,550,220,54,56,0,3,1.0
54858107539,75,554,221,55,56,0,3,1.0
54858157544,75,558,221,57,57,0,3,1.0
54858207537,75,563,221,58,58,0,3,1.0
54858257555,75,567,220,59,61,0,3,1.0
54858307548,75,572,220,62,62,0,3,1.0
54858357541,75,576,221,63,62,0,3,1.0
54858407558,75,581,221,59,63,0,3,1.0
54858457547,75,586,222,54,62,0,3,1.0
54858507541,75,591,222,49,63,0,3,1.0
54858557558,75,597,222,43,64,0,3,1.0
54858607551,75,602,222,38,63,0,3,1.0
54858657548,75,608,222,32,63,0,3,1.0
54856307547,76,518,207,14,45,0,1,1.0
54856357544,76,521,207,15,46,0,1,1.0
54856407553,76,523,207,15,47,0,1,1.0
54856457550,76,526,206,17,47,0,1,1.0
54856507544,76,527,205,18,49,0,1,1.0
54856557561,76,530,205,16,49,0,1,1.0
54856607554,76,532,205,16,49,0,1,1.0
54856657547,76,534,205,17,50,0,1,1.0
54856707556,76,537,204,16,51,0,1,1.0
54856757550,76,539,204,20,51,0,1,1.0
54856807551,76,542,203,16,53,0,1,1.0
54856857564,76,545,203,17,53,0,1,1.0
54856907557,76,547,203,19,53,0,1,1.0
54856957574,76,551,202,16,54,0,1,1.0
54857007504,76,553,202,19,55,0,1,1.0
54857057529,76,557,201,18,57,0,1,1.0
54857107534,76,560,201,19,58,0,1,1.0
54857157543,76,563,201,19,58,0,1,1.0
54857207541,76,566,201,20,59,0,1,1.0
54857257558,76,569,201,20,61,0,1,1.0
54857307547,76,573,201,22,62,0,1,1.0
54857357540,76,577,200,21,64,0,1,1.0
54857407558,76,580,201,23,64,0,1,1.0
54857457551,76,584,200,21,64,0,1,1.0
54857507544,76,590,200,22,67,0,1,1.0
54857557561,76,593,200,24,68,0,1,1.0
54857607551,76,599,199,22,69,0,1,1.0
54857657544,76,603,197,23,72,0,1,1.0
54857707561,76,608,199,25,71,0,1,1.0
54857757558,76,614,198,25,74,0,1,1.0
54857807556,76,618,198,22,75,0,1,1.0
54857857561,76,625,199,15,74,0,1,1.0
54869807542,77,619,229,21,40,0,2,1.0
54869857547,77,616,230,23,40,0,2,1.0
54869907564,77,612,230,29,43,0,2,1.0
54869957561,77,610,230,31,43,0,2,1.0
54870007499,77,607,231,32,44,0,2,1.0
54870057524,77,605,232,30,44,0,2,1.0
54870107529,77,603,231,33,47,0,2,1.0
54870157542,77,600,232,35,48,0,2,1.0
54870207535,77,599,233,35,47,0,2,1.0
54870257553,77,597,233,38,46,0,2,1.0
54870307542,77,596,234,37,47,0,2,1.0
54870357535,77,595,233,38,47,0,2,1.0
54870407552,77,595,232,39,50,0,2,1.0
54870457549,77,594,229,41,53,0,2,1.0
54870507543,77,595,230,41,53,0,2,1.0
54870557560,77,595,230,45,54,0,2,1.0
54870607545,77,595,230,45,57,0,2,1.0
54870657542,77,596,234,45,54,0,2,1.0
54870707555,77,596,233,45,53,0,2,1.0
54870757553,77,600,238,41,56,0,2,1.0
54870807550,77,603,243,38,50,0,2,1.0
54870857563,77,609,242,32,46,0,2,1.0
54870907556,77,610,244,31,45,0,2,1.0
54870957553,77,615,244,25,44,0,2,1.0
54871007495,77,620,249,20,40,0,2,1.0
54870757553,78,539,230,22,29,0,2,1.0
54870807550,78,539,231,26,33,0,2,1.0
54870857563,78,540,233,24,30,0,2,1.0
54870907556,78,542,227,24,38,0,2,1.0
54870957553,78,544,227,26,38,0,2,1.0
54871557536,78,578,236,24,39,0,2,1.0
54871607533,78,581,236,31,39,0,2,1.0
54871657550,78,588,238,35,39,0,2,1.0
54871707547,78,593,236,39,43,0,2,1.0
54871757537,78,598,238,41,42,0,2,1.0
54871807542,78,604,238,36,43,0,2,1.0
54871857555,78,609,240,31,42,0,2,1.0
54871907548,78,616,240,24,44,0,2,1.0
54871057520,79,511,223,20,38,0,2,1.0
54871107529,79,512,223,21,39,0,2,1.0
54871157534,79,512,224,25,38,0,2,1.0
54871207527,79,515,224,29,41,0,2,1.0
54871257525,79,515,225,28,42,0,2,1.0
54871307542,79,516,224,28,42,0,2,1.0
54871357539,79,519,222,29,46,0,2,1.0
54871407532,79,522,225,28,45,0,2,1.0
54871457545,79,524,225,28,45,0,2,1.0
54871507539,79,528,227,33,44,0,2,1.0
54871557536,79,531,228,33,44,0,2,1.0
54871607533,79,534,228,31,46,0,2,1.0
54871657550,79,538,228,32,46,0,2,1.0
54871707547,79,542,229,35,46,0,2,1.0
54871757537,79,542,228,39,47,0,2,1.0
54871807542,79,545,229,38,47,0,2,1.0
54871857555,79,548,228,40,50,0,2,1.0
54871907548,79,552,227,43,52,0,2,1.0
54871957545,79,555,229,41,50,0,2,1.0
54872007495,79,559,229,42,51,0,2,1.0
54872057528,79,562,230,44,54,0,2,1.0
54872107533,79,568,234,43,52,0,2,1.0
54872157546,79,570,231,46,58,0,2,1.0
54872207540,79,575,232,47,58,0,2,1.0
54872257533,79,579,232,49,58,0,2,1.0
54872307546,79,584,234,50,59,0,2,1.0
54872357539,79,589,236,50,57,0,2,1.0
54872407537,79,594,236,46,60,0,2,1.0
54872457530,79,599,236,41,61,0,2,1.0
54872507551,79,604,238,36,55,0,2,1.0
54872557540,79,609,237,31,58,0,2,1.0
54872607554,79,614,239,26,55,0,2,1.0
54872657547,79,621,249,19,47,0,2,1.0
54872507551,80,86,228,22,32,0,2,1.0
54872607554,80,81,229,19,33,0,2,1.0
54872657547,80,74,230,22,31,0,2,1.0
54872707540,80,70,231,22,31,0,2,1.0
54872757557,80,65,227,24,34,0,2,1.0
54872807539,80,61,228,24,34,0,2,1.0
54872857544,80,60,229,21,34,0,2,1.0
54872907557,80,40,225,37,36,0,2,1.0
54872957550,80,34,225,38,37,0,2,1.0
54873007496,80,28,225,41,38,0,2,1.0
54873057521,80,21,226,43,37,0,2,1.0
54873107530,80,14,225,46,39,0,2,1.0
54873157535,80,12,225,44,40,0,2,1.0
54873207532,80,7,224,43,40,0,2,1.0
54873257526,80,-0,223,45,41,0,2,1.0
54873307543,80,0,222,40,43,0,2,1.0
54873357536,80,1,222,35,42,0,2,1.0
54873407529,80,7,223,25,41,0,2,1.0
54873457542,80,1,224,25,41,0,2,1.0
54870457549,81,44,192,109,35,0,6,1.0
54870507543,81,32,192,117,35,0,6,1.0
54870557560,81,20,193,124,35,0,6,1.0
54870607545,81,1,193,138,35,0,6,1.0
54870657542,81,1,193,133,35,0,6,1.0
54870707555,81,1,193,129,35,0,6,1.0
54870757553,81,1,193,125,35,0,6,1.0
54870807550,81,1,193,122,35,0,6,1.0
54870857563,81,1,193,117,35,0,6,1.0
54870907556,81,1,193,112,35,0,6,1.0
54870957553,81,1,193,110,35,0,6,1.0
54871007495,81,1,193,105,35,0,6,1.0
54871057520,81,4,193,99,35,0,6,1.0
54871107529,81,2,193,99,35,0,6,1.0
54871157534,81,0,191,97,38,0,6,1.0
54871207527,81,0,191,94,38,0,6,1.0
54871257525,81,0,191,91,38,0,6,1.0
54871307542,81,0,190,88,38,0,6,1.0
54871357539,81,0,191,86,39,0,6,1.0
54871407532,81,1,192,84,36,0,6,1.0
54871457545,81,0,190,80,39,0,6,1.0
54871507539,81,0,190,78,38,0,6,1.0
54871557536,81,1,190,78,38,0,6,1.0
54871607533,81,1,190,76,38,0,6,1.0
54871657550,81,1,190,74,38,0,6,1.0
54871707547,81,1,190,71,38,0,6,1.0
54871757537,81,1,191,69,38,0,6,1.0
54871807542,81,1,190,67,38,0,6,1.0
54871857555,81,1,188,66,38,0,6,1.0
54871907548,81,1,187,64,38,0,6,1.0
54871957545,81,2,188,59,38,0,6,1.0
54872007495,81,2,188,58,38,0,6,1.0
54878407548,82,74,203,15,41,0,1,1.0
54878457541,82,62,202,16,42,0,1,1.0
54878507538,82,51,202,16,43,0,1,1.0
54878557531,82,38,202,16,43,0,1,1.0
54878607549,82,26,202,17,44,0,1,1.0
54878657538,82,13,202,17,45,0,1,1.0
54878707555,82,1,203,17,45,0,1,1.0
54880257525,83,287,205,13,50,0,1,1.0
54880307522,83,278,206,14,49,0,1,1.0
54880357539,83,270,205,14,51,0,1,1.0
54880407525,83,262,206,14,50,0,1,1.0
54880457542,83,254,205,14,51,0,1,1.0
54880507535,83,246,205,16,52,0,1,1.0
54880557528,83,236,205,15,52,0,1,1.0
54880607546,83,227,206,15,52,0,1,1.0
54880657539,83,217,206,17,53,0,1,1.0
54880707548,83,207,204,17,56,0,1,1.0
54880757541,83,198,203,17,57,0,1,1.0
54880807551,83,187,202,17,59,0,1,1.0
54880857548,83,176,202,17,59,0,1,1.0
54880907545,83,167,202,17,59,0,1,1.0
54880957558,83,153,200,21,63,0,1,1.0
54881007492,83,144,200,21,63,0,1,1.0
54881057541,83,131,201,21,63,0,1,1.0
54881107522,83,117,200,23,65,0,1,1.0
54881157531,83,104,201,23,66,0,1,1.0
54881207528,83,90,202,25,66,0,1,1.0
54881257538,83,75,201,26,69,0,1,1.0
54881307535,83,59,202,27,68,0,1,1.0
54881357528,83,45,201,27,73,0,1,1.0
54881407541,83,29,198,31,77,0,1,1.0
54881457538,83,10,197,35,79,0,1,1.0
54886557531,84,84,204,13,49,0,1,1.0
54886607549,84,78,203,13,49,0,1,1.0
54886657546,84,73,205,13,49,0,1,1.0
54886707539,84,66,204,13,49,0,1,1.0
54886757552,84,60,204,13,49,0,1,1.0
54886807546,84,51,204,13,49,0,1,1.0
54886857543,84,45,205,13,49,0,1,1.0
54886907540,84,39,207,13,49,0,1,1.0
54886957557,84,31,207,13,49,0,1,1.0
54887007487,84,23,207,13,49,0,1,1.0
54887057516,84,15,207,13,49,0,1,1.0
54885657537,85,57,215,34,26,0,0,1.0
54885707534,85,52,215,36,27,0,0,1.0
54885757552,85,45,214,41,28,0,0,1.0
54885807541,85,39,214,43,29,0,0,1.0
54885857542,85,32,214,47,30,0,0,1.0
54885907555,85,26,214,50,31,0,0,1.0
54885957552,85,18,213,54,32,0,0,1.0
54886007490,85,10,213,60,32,0,0,1.0
54886057515,85,2,213,64,32,0,0,1.0
54886107520,85,0,213,63,32,0,0,1.0
54886157525,85,0,212,59,33,0,0,1.0
54886207523,85,0,212,55,34,0,0,1.0
54886257520,85,0,212,52,34,0,0,1.0
54886307537,85,0,212,49,34,0,0,1.0
54886357530,85,0,213,45,34,0,0,1.0
54886407528,85,0,213,41,33,0,0,1.0
54886457541,85,0,214,35,32,0,0,1.0
54886507534,85,0,214,31,32,0,0,1.0
54886557531,85,0,213,29,33,0,0,1.0
54886607549,85,0,213,23,33,0,0,1.0
54886657546,85,0,213,20,33,0,0,1.0
54885957552,86,418,201,108,31,0,4,1.0
54886007490,86,419,201,111,31,0,4,1.0
54886057515,86,419,201,112,31,0,4,1.0
54886107520,86,418,200,116,32,0,4,1.0
54886157525,86,419,200,117,32,0,4,1.0
54886207523,86,420,200,118,32,0,4,1.0
54886257520,86,420,200,121,32,0,4,1.0
54886307537,86,421,200,122,32,0,4,1.0
54886357530,86,422,199,125,31,0,4,1.0
54886407528,86,423,200,127,30,0,4,1.0
54886457541,86,422,201,132,32,0,4,1.0
54886507534,86,421,200,132,32,0,4,1.0
54886557531,86,423,200,133,31,0,4,1.0
54886607549,86,423,200,133,31,0,4,1.0
54886657546,86,422,200,139,31,0,4,1.0
54886707539,86,425,200,136,30,0,4,1.0
54886757552,86,425,199,139,31,0,4,1.0
54886807546,86,424,198,143,32,0,4,1.0
54886857543,86,426,198,144,32,0,4,1.0
54886907540,86,426,198,146,32,0,4,1.0
54886957557,86,427,198,145,32,0,4,1.0
54887007487,86,427,198,151,33,0,4,1.0
54887057516,86,428,197,153,33,0,4,1.0
54887107521,86,429,197,155,34,0,4,1.0
54887157534,86,429,196,157,34,0,4,1.0
54887207531,86,429,196,160,34,0,4,1.0
54887257525,86,430,197,161,33,0,4,1.0
54887307546,86,431,197,163,37,0,4,1.0
54887357535,86,433,197,165,34,0,4,1.0
54887407528,86,432,197,169,35,0,4,1.0
54887457525,86,433,197,172,34,0,4,1.0
54887507543,86,432,196,178,38,0,4,1.0
54887557540,86,434,197,179,36,0,4,1.0
54887607529,86,434,196,183,36,0,4,1.0
54887657526,86,435,195,184,37,0,4,1.0
54887707543,86,435,195,188,35,0,4,1.0
54887757537,86,435,193,193,37,0,4,1.0
54887807534,86,436,193,194,37,0,4,1.0
54887857531,86,437,195,198,38,0,4,1.0
54887907544,86,437,193,203,40,0,4,1.0
54887957541,86,438,193,203,40,0,4,1.0
54888007487,86,438,194,202,40,0,4,1.0
54888057512,86,439,194,201,38,0,4,1.0
54888107517,86,441,194,199,39,0,4,1.0
54888157534,86,440,193,200,41,0,4,1.0
54888207524,86,440,193,200,40,0,4,1.0
54888257517,86,441,193,199,39,0,4,1.0
54888307538,86,443,193,197,40,0,4,1.0
54888357535,86,444,194,197,40,0,4,1.0
54888407533,86,442,193,198,40,0,4,1.0
54888457526,86,443,194,197,39,0,4,1.0
54888507543,86,445,194,196,39,0,4,1.0
54888557532,86,444,193,196,40,0,4,1.0
54888607526,86,445,192,195,41,0,4,1.0
54888657543,86,446,191,195,42,0,4,1.0
54888707532,86,446,191,195,42,0,4,1.0
54888757545,86,445,191,195,41,0,4,1.0
54888807547,86,446,190,194,42,0,4,1.0
54888857552,86,447,190,194,43,0,4,1.0
54888907545,86,448,189,193,43,0,4,1.0
54888957538,86,448,189,192,42,0,4,1.0
54889007488,86,449,191,191,42,0,4,1.0
54889057533,86,447,192,194,43,0,4,1.0
54889107534,86,448,193,192,43,0,4,1.0
54889157523,86,446,194,194,43,0,4,1.0
54889207516,86,448,193,193,44,0,4,1.0
54889257534,86,447,192,194,45,0,4,1.0
54889307527,86,449,190,192,45,0,4,1.0
54889357536,86,448,189,193,45,0,4,1.0
54889407533,86,448,188,193,45,0,4,1.0
54889457526,86,449,188,190,45,0,4,1.0
54889507544,86,449,188,192,46,0,4,1.0
54889557533,86,448,187,193,48,0,4,1.0
54889607526,86,449,188,191,47,0,4,1.0
54889657539,86,450,188,190,48,0,4,1.0
54889707532,86,449,187,189,48,0,4,1.0
54889757550,86,449,186,191,48,0,4,1.0
54889807539,86,448,186,192,48,0,4,1.0
54886307537,87,585,207,22,52,0,1,1.0
54886357530,87,588,204,25,55,0,1,1.0
54886407528,87,592,205,24,57,0,1,1.0
54886457541,87,595,204,26,58,0,1,1.0
54886507534,87,599,205,27,55,0,1,1.0
54886557531,87,604,207,28,54,0,1,1.0
54886607549,87,608,206,30,59,0,1,1.0
54886657546,87,613,205,27,60,0,1,1.0
54886707539,87,620,208,20,58,0,1,1.0
54886357530,88,614,198,26,76,0,1,1.0
54886407528,88,617,201,24,73,0,1,1.0
54886457541,88,627,205,13,71,0,1,1.0
54887207531,89,250,199,104,35,0,4,1.0
54887257525,89,250,199,105,36,0,4,1.0
54887307546,89,251,199,102,35,0,4,1.0
54887357535,89,249,199,105,35,0,4,1.0
54887407528,89,250,199,103,36,0,4,1.0
54887457525,89,248,199,107,37,0,4,1.0
54887507543,89,247,199,105,37,0,4,1.0
54887557540,89,246,199,108,37,0,4,1.0
54887607529,89,245,200,110,37,0,4,1.0
54887657526,89,244,198,109,38,0,4,1.0
54887707543,89,243,198,111,38,0,4,1.0
54887757537,89,243,197,111,38,0,4,1.0
54887807534,89,243,197,112,38,0,4,1.0
54887857531,89,242,198,112,38,0,4,1.0
54887907544,89,242,198,113,38,0,4,1.0
54887957541,89,240,197,113,39,0,4,1.0
54888007487,89,240,196,116,41,0,4,1.0
54888057512,89,240,197,113,40,0,4,1.0
54888107517,89,238,197,117,40,0,4,1.0
54888157534,89,237,197,117,40,0,4,1.0
54888207524,89,236,197,119,41,0,4,1.0
54888257517,89,237,197,117,40,0,4,1.0
54888307538,89,235,197,118,40,0,4,1.0
54888357535,89,235,197,119,40,0,4,1.0
54888407533,89,234,197,119,42,0,4,1.0
54888457526,89,232,197,122,43,0,4,1.0
54888507543,89,230,197,124,45,0,4,1.0
54888557532,89,230,197,124,45,0,4,1.0
54888607526,89,229,196,125,45,0,4,1.0
54888657543,89,227,194,125,45,0,4,1.0
54888707532,89,226,193,127,45,0,4,1.0
54888757545,89,225,193,127,45,0,4,1.0
54888807547,89,223,192,129,45,0,4,1.0
54888857552,89,222,191,131,46,0,4,1.0
54888907545,89,221,191,131,46,0,4,1.0
54888957538,89,219,192,131,46,0,4,1.0
54889007488,89,217,194,134,46,0,4,1.0
54889057533,89,214,195,134,46,0,4,1.0
54889107534,89,212,196,136,46,0,4,1.0
54889157523,89,210,197,138,44,0,4,1.0
54889207516,89,209,196,138,44,0,4,1.0
54889257534,89,206,195,140,44,0,4,1.0
54889307527,89,206,194,140,44,0,4,1.0
54889357536,89,203,194,144,44,0,4,1.0
54889407533,89,200,192,146,44,0,4,1.0
54889457526,89,199,192,146,44,0,4,1.0
54889507544,89,196,191,147,46,0,4,1.0
54889557533,89,194,191,149,46,0,4,1.0
54889607526,89,192,192,149,46,0,4,1.0
54889657539,89,189,192,152,46,0,4,1.0
54889707532,89,187,192,153,46,0,4,1.0
54889757550,89,184,192,155,46,0,4,1.0
54889807539,89,182,191,157,49,0,4,1.0
54888407533,90,206,227,25,37,0,2,1.0
54888457526,90,199,226,28,38,0,2,1.0
54888507543,90,196,228,26,39,0,2,1.0
54888557532,90,190,227,29,42,0,2,1.0
54888607526,90,182,226,32,44,0,2,1.0
54888657543,90,176,226,32,43,0,2,1.0
54888707532,90,169,225,33,45,0,2,1.0
54888757545,90,162,223,34,48,0,2,1.0
54888807547,90,152,223,38,51,0,2,1.0
54888857552,90,141,225,43,52,0,2,1.0
54888907545,90,132,228,43,53,0,2,1.0
54888957538,90,121,229,47,57,0,2,1.0
54889007488,90,109,231,50,60,0,2,1.0
54889057533,90,94,232,52,64,0,2,1.0
54889107534,90,78,234,58,67,0,2,1.0
54889157523,90,63,235,60,72,0,2,1.0
54889207516,90,44,237,67,75,0,2,1.0
54889257534,90,22,236,75,82,0,2,1.0
54889307527,90,1,237,79,88,0,2,1.0
54889357536,90,1,242,60,81,0,2,1.0
54889407533,90,0,248,41,75,0,2,1.0
54889457526,90,0,254,17,72,0,2,1.0
54887357535,91,459,217,60,18,0,0,1.0
54887407528,91,459,216,60,19,0,0,1.0
54887457525,91,459,216,61,18,0,0,1.0
54887507543,91,461,216,59,18,0,0,1.0
54887557540,91,462,216,60,18,0,0,1.0
54887607529,91,463,216,61,18,0,0,1.0
54887657526,91,463,216,62,18,0,0,1.0
54887707543,91,464,215,62,19,0,0,1.0
54887757537,91,464,214,64,19,0,0,1.0
54887807534,91,464,215,64,19,0,0,1.0
54887857531,91,466,215,62,20,0,0,1.0
54887907544,91,466,215,64,20,0,0,1.0
54887957541,91,469,215,63,20,0,0,1.0
54888007487,91,468,215,64,22,0,0,1.0
54888057512,91,470,216,63,20,0,0,1.0
54888107517,91,470,215,65,21,0,0,1.0
54888157534,91,469,215,69,21,0,0,1.0
54888207524,91,468,215,68,21,0,0,1.0
54888257517,91,471,216,67,21,0,0,1.0
54888307538,91,471,216,68,21,0,0,1.0
54888357535,91,473,216,67,21,0,0,1.0
54888407533,91,472,217,68,20,0,0,1.0
54888457526,91,471,217,69,21,0,0,1.0
54888507543,91,472,217,69,21,0,0,1.0
54888557532,91,471,216,72,22,0,0,1.0
54888607526,91,472,216,70,21,0,0,1.0
54888657543,91,471,216,71,21,0,0,1.0
54888707532,91,470,215,72,21,0,0,1.0
54888757545,91,469,215,74,21,0,0,1.0
54888807547,91,470,214,73,22,0,0,1.0
54888857552,91,468,214,74,22,0,0,1.0
54888907545,91,468,214,75,22,0,0,1.0
54888957538,91,466,215,76,21,0,0,1.0
54889007488,91,466,216,75,22,0,0,1.0
54889057533,91,464,217,77,23,0,0,1.0
54889107534,91,463,217,76,24,0,0,1.0
54889157523,91,464,219,74,23,0,0,1.0
54889207516,91,467,218,71,23,0,0,1.0
54889257534,91,459,217,77,23,0,0,1.0
54889307527,91,457,215,78,25,0,0,1.0
54889357536,91,460,214,74,25,0,0,1.0
54889407533,91,461,214,72,25,0,0,1.0
54889457526,91,461,214,70,24,0,0,1.0
54889507544,91,451,214,79,25,0,0,1.0
54889557533,91,448,215,80,25,0,0,1.0
54889607526,91,445,215,82,25,0,0,1.0
54889657539,91,443,214,82,26,0,0,1.0
54889707532,91,440,214,82,26,0,0,1.0
54889757550,91,436,214,86,26,0,0,1.0
54889807539,91,433,213,86,27,0,0,1.0
54887507543,92,347,216,49,19,0,0,1.0
54887557540,92,345,217,51,19,0,0,1.0
54887607529,92,343,217,47,19,0,0,1.0
54887657526,92,343,215,47,21,0,0,1.0
54887707543,92,342,215,47,20,0,0,1.0
54887757537,92,340,215,47,20,0,0,1.0
54887807534,92,342,215,45,20,0,0,1.0
54887857531,92,342,215,44,20,0,0,1.0
54887907544,92,343,215,40,21,0,0,1.0
54887957541,92,343,215,40,21,0,0,1.0
54888007487,92,345,216,37,21,0,0,1.0
54888357535,92,321,217,48,21,0,0,1.0
54888407533,92,317,217,50,21,0,0,1.0
54888457526,92,313,217,52,22,0,0,1.0
54888507543,92,310,217,52,22,0,0,1.0
54888557532,92,308,217,52,22,0,0,1.0
54888607526,92,305,216,53,22,0,0,1.0
54888657543,92,302,215,53,22,0,0,1.0
54888707532,92,299,214,54,22,0,0,1.0
54888757545,92,295,214,54,22,0,0,1.0
54888807547,92,293,214,36,22,0,0,1.0
54888857552,92,289,214,39,22,0,0,1.0
54888907545,92,286,215,41,22,0,0,1.0
54888957538,92,282,215,45,23,0,0,1.0
54889007488,92,278,216,48,24,0,0,1.0
54889057533,92,274,219,50,24,0,0,1.0
54889107534,92,271,219,52,24,0,0,1.0
54889157523,92,267,220,54,24,0,0,1.0
54889207516,92,262,220,56,24,0,0,1.0
54889257534,92,256,218,54,24,0,0,1.0
54889307527,92,256,218,55,24,0,0,1.0
54889357536,92,255,218,53,24,0,0,1.0
54889407533,92,253,218,54,24,0,0,1.0
54889457526,92,251,217,50,24,0,0,1.0
54889507544,92,250,218,46,24,0,0,1.0
54889557533,92,249,218,46,24,0,0,1.0
54889607526,92,246,218,44,24,0,0,1.0
54889657539,92,245,218,39,24,0,0,1.0
54889707532,92,243,218,37,24,0,0,1.0
54889757550,92,240,218,35,25,0,0,1.0
54889807539,92,238,218,31,24,0,0,1.0
54889007488,93,261,209,18,37,0,1,1.0
54889057533,93,255,211,19,36,0,1,1.0
54889107534,93,251,211,19,38,0,1,1.0
54889157523,93,247,211,19,40,0,1,1.0
54889207516,93,241,210,21,42,0,1,1.0
54889257534,93,237,209,21,43,0,1,1.0
54889307527,93,232,209,20,42,0,1,1.0
54889357536,93,228,209,20,42,0,1,1.0
54889407533,93,220,208,22,45,0,1,1.0
54889457526,93,217,208,21,46,0,1,1.0
54889507544,93,212,207,19,47,0,1,1.0
54889557533,93,203,208,22,49,0,1,1.0
54889607526,93,196,206,24,50,0,1,1.0
54889657539,93,185,207,27,48,0,1,1.0
54889707532,93,180,207,26,50,0,1,1.0
54889757550,93,170,207,29,52,0,1,1.0
54889807539,93,164,208,33,51,0,1,1.0
54889007488,94,257,223,25,31,0,2,1.0
54889057533,94,252,225,25,31,0,2,1.0
54889107534,94,248,226,25,31,0,2,1.0
54889157523,94,244,227,25,31,0,2,1.0
54889207516,94,239,227,25,31,0,2,1.0
54889257534,94,234,227,26,31,0,2,1.0
54889307527,94,230,226,26,33,0,2,1.0
54889357536,94,223,226,28,34,0,2,1.0
54889407533,94,217,229,27,32,0,2,1.0
54889457526,94,211,229,29,33,0,2,1.0
54889507544,94,204,228,28,36,0,2,1.0
54889557533,94,197,229,30,37,0,2,1.0
54889607526,94,190,229,31,39,0,2,1.0
54889657539,94,181,229,34,41,0,2,1.0
54889707532,94,173,227,35,44,0,2,1.0
54889757550,94,162,230,38,43,0,2,1.0
54889807539,94,155,230,40,46,0,2,1.0
54889457526,95,159,225,27,34,0,2,1.0
54889507544,95,155,225,28,35,0,2,1.0
54889557533,95,151,226,27,35,0,2,1.0
54889607526,95,147,226,27,36,0,2,1.0
54889657539,95,142,227,27,36,0,2,1.0
54889707532,95,138,227,28,36,0,2,1.0
54889757550,95,133,227,29,37,0,2,1.0
54889807539,95,128,227,29,37,0,2,1.0
